season,event,driver,stints,sequence,stops,laps,neutral_laps,charged_stops,real_s,pred_s,err_s,rel_err,unit_lap,fuel_slope
2022,abu_dhabi_grand_prix,ALB,MEDIUM 12 → HARD 23 → MEDIUM 22,MEDIUM→HARD→MEDIUM,2,57,0,2,5184.106,5148.767,-35.339,-0.00681679734172136,17,0.0265
2022,abu_dhabi_grand_prix,BOT,HARD 30 → MEDIUM 27,HARD→MEDIUM,1,57,0,1,5192.629,5185.692,-6.937,-0.0013359321453546569,32,0.027
2022,abu_dhabi_grand_prix,GAS,SOFT 14 → HARD 43,SOFT→HARD,1,57,0,1,5184.413,5145.469,-38.944,-0.007511747231557092,34,0.0293
2022,abu_dhabi_grand_prix,LEC,MEDIUM 21 → HARD 37,MEDIUM→HARD,1,58,0,1,5180.493,5178.237,-2.256,-0.0004354797892789783,34,0.0283
2022,abu_dhabi_grand_prix,MAG,HARD 28 → MEDIUM 29,HARD→MEDIUM,1,57,0,1,5215.442,5248.181,32.739,0.006277320311489772,52,0.0302
2022,abu_dhabi_grand_prix,MSC,MEDIUM 14 → HARD 20 → MEDIUM 23,MEDIUM→HARD→MEDIUM,2,57,0,2,5205.261,5151.693,-53.568,-0.010291126612095516,16,0.027
2022,abu_dhabi_grand_prix,NOR,MEDIUM 15 → HARD 27 → MEDIUM 16,MEDIUM→HARD→MEDIUM,2,58,0,2,5226.24,5214.482,-11.758,-0.0022498010041635693,19,0.0278
2022,abu_dhabi_grand_prix,OCO,MEDIUM 14 → HARD 27 → HARD 17,MEDIUM→HARD→HARD,2,58,0,2,5226.19,5229.689,3.499,0.0006695125894766678,35,0.0291
2022,abu_dhabi_grand_prix,PER,MEDIUM 15 → HARD 18 → HARD 25,MEDIUM→HARD→HARD,2,58,0,2,5182.756,5182.38,-0.376,-7.254827354372554e-05,50,0.03
2022,abu_dhabi_grand_prix,RIC,MEDIUM 19 → HARD 39,MEDIUM→HARD,1,58,0,1,5248.989,5238.572,-10.417,-0.001984572648180511,40,0.0293
2022,abu_dhabi_grand_prix,RUS,MEDIUM 15 → HARD 24 → MEDIUM 19,MEDIUM→HARD→MEDIUM,2,58,0,2,5205.296,5183.092,-22.204,-0.004265655593841122,32,0.027
2022,abu_dhabi_grand_prix,SAI,MEDIUM 17 → HARD 22 → HARD 19,MEDIUM→HARD→HARD,2,58,0,2,5195.37,5185.495,-9.875,-0.0019007308430396155,36,0.0278
2022,abu_dhabi_grand_prix,STR,MEDIUM 13 → HARD 27 → MEDIUM 18,MEDIUM→HARD→MEDIUM,2,58,0,2,5243.673,5214.808,-28.865,-0.00550472922319956,32,0.0275
2022,abu_dhabi_grand_prix,TSU,MEDIUM 14 → HARD 24 → SOFT 20,MEDIUM→HARD→SOFT,2,58,0,2,5256.547,5225.834,-30.713,-0.005842808977072299,29,0.0287
2022,abu_dhabi_grand_prix,VER,MEDIUM 20 → HARD 38,MEDIUM→HARD,1,58,0,1,5173.716,5166.271,-7.445,-0.001439004382923166,37,0.0246
2022,abu_dhabi_grand_prix,VET,MEDIUM 25 → HARD 33,MEDIUM→HARD,1,58,0,1,5252.357,5234.752,-17.605,-0.003351828521937783,31,0.0283
2022,abu_dhabi_grand_prix,ZHO,MEDIUM 15 → HARD 29 → SOFT 13,MEDIUM→HARD→SOFT,2,57,0,2,5184.4,5137.421,-46.979,-0.009061607900624827,17,0.0268
2022,austrian_grand_prix,ALB,MEDIUM 11 → HARD 30 → HARD 29,MEDIUM→HARD→HARD,2,70,3,2,4756.139,4762.593,6.454,0.0013569830486456454,31,0.0204
2022,austrian_grand_prix,ALO,HARD 27 → MEDIUM 30 → MEDIUM 1 → MEDIUM 12,HARD→MEDIUM→MEDIUM→MEDIUM,3,70,3,1,4718.257,4692.503,-25.754,-0.0054583715978171,46,0.0186
2022,austrian_grand_prix,BOT,MEDIUM 6 → HARD 33 → HARD 31,MEDIUM→HARD→HARD,2,70,3,2,4748.553,4668.7,-79.853,-0.016816280664867626,9,0.0182
2022,austrian_grand_prix,GAS,MEDIUM 12 → HARD 28 → HARD 30,MEDIUM→HARD→HARD,2,70,2,2,4837.231,4807.289,-29.942,-0.006189904927013374,56,0.0207
2022,austrian_grand_prix,HAM,MEDIUM 28 → MEDIUM 23 → MEDIUM 20,MEDIUM→MEDIUM→MEDIUM,2,71,3,2,4775.967,4758.715,-17.252,-0.003612252764728339,33,0.0182
2022,austrian_grand_prix,LEC,MEDIUM 26 → HARD 23 → HARD 9 → MEDIUM 13,MEDIUM→HARD→HARD→MEDIUM,3,71,3,2,4729.404,4736.731,7.327,0.0015492438370670442,36,0.0179
2022,austrian_grand_prix,MAG,MEDIUM 15 → HARD 26 → HARD 29,MEDIUM→HARD→HARD,2,70,3,2,4745.44,4695.16,-50.28,-0.01059543477527895,54,0.0197
2022,austrian_grand_prix,MSC,MEDIUM 16 → HARD 27 → HARD 27,MEDIUM→HARD→HARD,2,70,3,2,4738.385,4745.175,6.79,0.001432977691766664,66,0.0209
2022,austrian_grand_prix,NOR,MEDIUM 14 → HARD 29 → HARD 27,MEDIUM→HARD→HARD,2,70,3,2,4740.652,4692.792,-47.86,-0.010095657728093217,47,0.0183
2022,austrian_grand_prix,OCO,MEDIUM 16 → HARD 28 → HARD 27,MEDIUM→HARD→HARD,2,71,3,2,4804.106,4787.999,-16.107,-0.003352756995787082,35,0.0183
2022,austrian_grand_prix,RIC,MEDIUM 12 → HARD 32 → HARD 26,MEDIUM→HARD→HARD,2,70,3,2,4749.866,4796.788,46.922,0.009878594469823233,62,0.0213
2022,austrian_grand_prix,RUS,MEDIUM 11 → HARD 29 → HARD 31,MEDIUM→HARD→HARD,2,71,3,2,4795.761,4765.449,-30.312,-0.006320581863858123,66,0.0193
2022,austrian_grand_prix,STR,MEDIUM 29 → MEDIUM 19 → MEDIUM 22,MEDIUM→MEDIUM→MEDIUM,2,70,2,2,4833.479,4828.03,-5.449,-0.0011273453344895572,34,0.0188
2022,austrian_grand_prix,TSU,HARD 26 → HARD 20 → HARD 24,HARD→HARD→HARD,2,70,2,2,4842.258,4914.78,72.522,0.014976897141787208,67,0.0213
2022,austrian_grand_prix,VER,MEDIUM 13 → HARD 23 → MEDIUM 22 → MEDIUM 13,MEDIUM→HARD→MEDIUM→MEDIUM,3,71,2,2,4802.412,4760.36,-42.052,-0.008756433225637199,4,0.0175
2022,austrian_grand_prix,VET,HARD 20 → MEDIUM 24 → MEDIUM 26,HARD→MEDIUM→MEDIUM,2,70,2,2,4838.362,4790.228,-48.134,-0.009948408159621523,31,0.0173
2022,austrian_grand_prix,ZHO,HARD 24 → MEDIUM 22 → MEDIUM 24,HARD→MEDIUM→MEDIUM,2,70,2,2,4833.876,4764.124,-69.752,-0.014429828154466418,56,0.0187
2022,mexico_city_grand_prix,ALB,MEDIUM 38 → SOFT 32,MEDIUM→SOFT,1,70,1,1,5765.291,5764.601,-0.69,-0.00011968172985521294,36,0.0192
2022,mexico_city_grand_prix,BOT,MEDIUM 39 → HARD 31,MEDIUM→HARD,1,70,2,1,5680.707,5641.53,-39.177,-0.006896500734855498,33,0.0196
2022,mexico_city_grand_prix,GAS,MEDIUM 40 → SOFT 30,MEDIUM→SOFT,1,70,1,1,5764.347,5728.286,-36.061,-0.006255869051602215,14,0.0181
2022,mexico_city_grand_prix,HAM,MEDIUM 29 → HARD 42,MEDIUM→HARD,1,71,2,1,5662.076,5652.956,-9.12,-0.001610716634675223,44,0.019
2022,mexico_city_grand_prix,LEC,SOFT 28 → MEDIUM 43,SOFT→MEDIUM,1,71,1,1,5794.623,5800.431,5.808,0.0010023085194669407,61,0.0207
2022,mexico_city_grand_prix,MAG,MEDIUM 38 → SOFT 32,MEDIUM→SOFT,1,70,2,1,5715.382,5735.966,20.584,0.0036015090504883164,42,0.0178
2022,mexico_city_grand_prix,MSC,SOFT 24 → MEDIUM 46,SOFT→MEDIUM,1,70,1,1,5798.961,5756.699,-42.262,-0.0072878572558085185,37,0.0177
2022,mexico_city_grand_prix,NOR,MEDIUM 31 → HARD 39,MEDIUM→HARD,1,70,2,1,5678.355,5709.551,31.196,0.005493844608165553,34,0.0183
2022,mexico_city_grand_prix,OCO,MEDIUM 33 → HARD 37,MEDIUM→HARD,1,70,2,1,5674.375,5709.528,35.153,0.006195043506994366,70,0.0215
2022,mexico_city_grand_prix,PER,SOFT 23 → MEDIUM 48,SOFT→MEDIUM,1,71,2,1,5664.563,5620.714,-43.849,-0.007740932530894769,15,0.0186
2022,mexico_city_grand_prix,RIC,MEDIUM 44 → SOFT 26,MEDIUM→SOFT,1,70,2,1,5662.259,5662.882,0.623,0.0001100267578721357,37,0.0183
2022,mexico_city_grand_prix,RUS,MEDIUM 34 → HARD 35 → SOFT 2,MEDIUM→HARD→SOFT,2,71,2,2,5693.282,5715.794,22.512,0.00395413401268431,41,0.0187
2022,mexico_city_grand_prix,SAI,SOFT 29 → MEDIUM 42,SOFT→MEDIUM,1,71,1,1,5785.052,5802.126,17.074,0.0029513995725531585,41,0.0192
2022,mexico_city_grand_prix,STR,MEDIUM 17 → SOFT 23 → SOFT 30,MEDIUM→SOFT→SOFT,2,70,1,2,5791.359,5789.915,-1.444,-0.00024933698636183754,65,0.0195
2022,mexico_city_grand_prix,VER,SOFT 25 → MEDIUM 46,SOFT→MEDIUM,1,71,2,1,5649.545,5684.074,34.529,0.006111819624412309,63,0.0202
2022,mexico_city_grand_prix,VET,SOFT 38 → MEDIUM 32,SOFT→MEDIUM,1,70,1,1,5781.793,5771.722,-10.071,-0.001741847208988458,34,0.0193
2022,mexico_city_grand_prix,ZHO,MEDIUM 45 → SOFT 25,MEDIUM→SOFT,1,70,1,1,5779.094,5757.525,-21.569,-0.0037322459195160197,32,0.0194
2022,spanish_grand_prix,ALO,SOFT 10 → MEDIUM 21 → SOFT 22 → SOFT 12,SOFT→MEDIUM→SOFT→SOFT,3,65,0,3,5748.199,5721.111,-27.088,-0.004712432537565197,51,0.0268
2022,spanish_grand_prix,BOT,SOFT 14 → MEDIUM 20 → MEDIUM 32,SOFT→MEDIUM→MEDIUM,2,66,0,2,5805.767,5771.42,-34.347,-0.005916014197607112,26,0.0256
2022,spanish_grand_prix,GAS,SOFT 10 → MEDIUM 19 → SOFT 17 → SOFT 19,SOFT→MEDIUM→SOFT→SOFT,3,65,0,3,5783.882,5722.154,-61.728,-0.010672416899237648,37,0.0214
2022,spanish_grand_prix,HAM,MEDIUM 1 → SOFT 21 → MEDIUM 26 → SOFT 18,MEDIUM→SOFT→MEDIUM→SOFT,3,66,0,2,5779.862,5708.608,-71.254,-0.012327975996658724,42,0.0263
2022,spanish_grand_prix,MSC,SOFT 12 → SOFT 18 → MEDIUM 35,SOFT→SOFT→MEDIUM,2,65,0,2,5789.9,5792.709,2.809,0.00048515518402644927,39,0.0217
2022,spanish_grand_prix,NOR,SOFT 12 → MEDIUM 21 → SOFT 18 → SOFT 15,SOFT→MEDIUM→SOFT→SOFT,3,66,0,3,5827.239,5821.655,-5.584,-0.0009582582763474055,50,0.0237
2022,spanish_grand_prix,OCO,SOFT 13 → MEDIUM 22 → SOFT 17 → SOFT 14,SOFT→MEDIUM→SOFT→SOFT,3,66,0,3,5819.967,5821.552,1.585,0.00027233831394561626,45,0.0282
2022,spanish_grand_prix,PER,SOFT 17 → MEDIUM 20 → MEDIUM 16 → SOFT 13,SOFT→MEDIUM→MEDIUM→SOFT,3,66,0,3,5761.332,5773.598,12.266,0.002129021552654298,42,0.0265
2022,spanish_grand_prix,RIC,SOFT 11 → SOFT 20 → MEDIUM 17 → SOFT 17,SOFT→SOFT→MEDIUM→SOFT,3,65,0,3,5784.723,5756.882,-27.841,-0.004812849292870106,39,0.0209
2022,spanish_grand_prix,RUS,SOFT 13 → MEDIUM 23 → MEDIUM 15 → SOFT 15,SOFT→MEDIUM→MEDIUM→SOFT,3,66,0,3,5782.415,5767.681,-14.734,-0.0025480703131826737,21,0.0247
2022,spanish_grand_prix,SAI,SOFT 10 → MEDIUM 21 → MEDIUM 14 → SOFT 21,SOFT→MEDIUM→MEDIUM→SOFT,3,66,0,3,5792.805,5795.597,2.792,0.00048197721138588126,62,0.0284
2022,spanish_grand_prix,STR,SOFT 14 → SOFT 13 → MEDIUM 19 → SOFT 19,SOFT→SOFT→MEDIUM→SOFT,3,65,0,3,5804.372,5779.108,-25.264,-0.004352581123332728,63,0.0212
2022,spanish_grand_prix,TSU,SOFT 11 → MEDIUM 21 → SOFT 20 → SOFT 13,SOFT→MEDIUM→SOFT→SOFT,3,65,0,3,5754.088,5712.159,-41.929,-0.007286819388233214,48,0.0224
2022,spanish_grand_prix,VER,SOFT 13 → MEDIUM 15 → SOFT 16 → MEDIUM 22,SOFT→MEDIUM→SOFT→MEDIUM,3,66,0,3,5750.736,5717.053,-33.683,-0.0058571633265723,33,0.0257
2022,spanish_grand_prix,VET,SOFT 21 → SOFT 21 → MEDIUM 23,SOFT→SOFT→MEDIUM,2,65,0,2,5769.184,5697.728,-71.456,-0.012385807074276193,33,0.02
2023,abu_dhabi_grand_prix,ALB,MEDIUM 16 → HARD 27 → HARD 15,MEDIUM→HARD→HARD,2,58,0,2,5195.183,5202.203,7.02,0.0013512517268401197,40,0.0286
2023,abu_dhabi_grand_prix,ALO,MEDIUM 12 → HARD 24 → HARD 22,MEDIUM→HARD→HARD,2,58,0,2,5166.092,5139.77,-26.322,-0.005095147357034913,40,0.0289
2023,abu_dhabi_grand_prix,BOT,HARD 29 → MEDIUM 28,HARD→MEDIUM,1,57,0,1,5134.735,5168.776,34.041,0.0066295534238869185,54,0.0294
2023,abu_dhabi_grand_prix,GAS,MEDIUM 17 → HARD 15 → HARD 26,MEDIUM→HARD→HARD,2,58,0,2,5196.348,5212.774,16.426,0.003161066194950661,58,0.03
2023,abu_dhabi_grand_prix,HAM,MEDIUM 15 → HARD 20 → HARD 23,MEDIUM→HARD→HARD,2,58,0,2,5169.821,5135.294,-34.527,-0.00667856778793731,27,0.0276
2023,abu_dhabi_grand_prix,HUL,MEDIUM 13 → HARD 20 → HARD 25,MEDIUM→HARD→HARD,2,58,0,2,5207.029,5234.615,27.586,0.005297838748354175,53,0.0296
2023,abu_dhabi_grand_prix,LEC,MEDIUM 17 → HARD 18 → HARD 23,MEDIUM→HARD→HARD,2,58,0,2,5147.498,5162.639,15.141,0.002941429020468088,56,0.0302
2023,abu_dhabi_grand_prix,MAG,MEDIUM 5 → HARD 17 → HARD 35,MEDIUM→HARD→HARD,2,57,0,2,5135.903,5100.092,-35.811,-0.006972678417018862,11,0.026
2023,abu_dhabi_grand_prix,NOR,MEDIUM 14 → HARD 19 → HARD 25,MEDIUM→HARD→HARD,2,58,0,2,5152.599,5155.868,3.269,0.0006344371064003123,43,0.0291
2023,abu_dhabi_grand_prix,OCO,MEDIUM 15 → HARD 43,MEDIUM→HARD,1,58,0,1,5190.8,5228.797,37.997,0.00732006627109507,55,0.0296
2023,abu_dhabi_grand_prix,PER,MEDIUM 17 → HARD 25 → HARD 16,MEDIUM→HARD→HARD,2,58,0,2,5141.332,5115.604,-25.728,-0.005004150675350289,37,0.0285
2023,abu_dhabi_grand_prix,PIA,MEDIUM 13 → HARD 23 → HARD 22,MEDIUM→HARD→HARD,2,58,0,2,5160.229,5153.849,-6.38,-0.0012363792382077193,41,0.0292
2023,abu_dhabi_grand_prix,RIC,MEDIUM 7 → HARD 24 → HARD 27,MEDIUM→HARD→HARD,2,58,0,2,5178.905,5174.345,-4.56,-0.0008804950081145512,33,0.0279
2023,abu_dhabi_grand_prix,RUS,MEDIUM 14 → HARD 20 → HARD 24,MEDIUM→HARD→HARD,2,58,0,2,5148.176,5132.541,-15.635,-0.003036997958111456,43,0.0259
2023,abu_dhabi_grand_prix,SAI,HARD 23 → HARD 33 → SOFT 1,HARD→HARD→SOFT,2,57,0,2,5111.249,5126.781,15.532,0.003038787584012897,53,0.0293
2023,abu_dhabi_grand_prix,SAR,MEDIUM 15 → HARD 26 → HARD 17,MEDIUM→HARD→HARD,2,58,0,2,5208.393,5191.093,-17.3,-0.0033215619481865312,55,0.0305
2023,abu_dhabi_grand_prix,STR,HARD 22 → HARD 20 → MEDIUM 16,HARD→HARD→MEDIUM,2,58,0,2,5179.535,5189.607,10.072,0.0019445761057701354,40,0.0284
2023,abu_dhabi_grand_prix,TSU,MEDIUM 22 → HARD 36,MEDIUM→HARD,1,58,0,1,5170.277,5245.304,75.027,0.014511214776306788,48,0.0293
2023,abu_dhabi_grand_prix,VER,MEDIUM 16 → HARD 27 → HARD 15,MEDIUM→HARD→HARD,2,58,0,2,5130.434,5115.456,-14.978,-0.0029194411233042367,31,0.0279
2023,abu_dhabi_grand_prix,ZHO,MEDIUM 13 → HARD 24 → MEDIUM 21,MEDIUM→HARD→MEDIUM,2,58,0,2,5211.086,5204.269,-6.817,-0.0013081726150748628,15,0.0261
2023,austrian_grand_prix,ALB,MEDIUM 2 → MEDIUM 12 → HARD 27 → HARD 30,MEDIUM→MEDIUM→HARD→HARD,3,71,4,1,4693.869,4712.003,18.134,0.003863337472775661,70,0.0236
2023,austrian_grand_prix,ALO,HARD 2 → HARD 13 → MEDIUM 29 → MEDIUM 27,HARD→HARD→MEDIUM→MEDIUM,3,71,5,1,4582.543,4570.834,-11.709,-0.0025551315066764963,27,0.0196
2023,austrian_grand_prix,BOT,HARD 2 → HARD 19 → MEDIUM 19 → HARD 30,HARD→HARD→MEDIUM→HARD,3,70,5,2,4600.162,4568.304,-31.858,-0.006925408279098788,54,0.0207
2023,austrian_grand_prix,DEV,MEDIUM 2 → MEDIUM 10 → HARD 25 → MEDIUM 33,MEDIUM→MEDIUM→HARD→MEDIUM,3,70,4,2,4661.726,4657.609,-4.117,-0.000883149288482851,25,0.0163
2023,austrian_grand_prix,GAS,MEDIUM 2 → MEDIUM 12 → HARD 30 → MEDIUM 27,MEDIUM→MEDIUM→HARD→MEDIUM,3,71,5,1,4608.492,4618.212,9.72,0.002109149804318021,67,0.0231
2023,austrian_grand_prix,HAM,MEDIUM 2 → MEDIUM 12 → HARD 28 → MEDIUM 29,MEDIUM→MEDIUM→HARD→MEDIUM,3,71,5,1,4594.66,4618.792,24.132,0.005252184057144314,69,0.0221
2023,austrian_grand_prix,LEC,MEDIUM 2 → MEDIUM 13 → MEDIUM 32 → HARD 24,MEDIUM→MEDIUM→MEDIUM→HARD,3,71,5,1,4561.045,4539.313,-21.732,-0.0047646975638256294,27,0.0213
2023,austrian_grand_prix,NOR,MEDIUM 2 → MEDIUM 12 → HARD 27 → HARD 30,MEDIUM→MEDIUM→HARD→HARD,3,71,5,1,4580.907,4571.117,-9.79,-0.002137131358484835,33,0.0211
2023,austrian_grand_prix,OCO,MEDIUM 2 → MEDIUM 12 → HARD 26 → HARD 30,MEDIUM→MEDIUM→HARD→HARD,3,70,4,1,4634.632,4629.451,-5.181,-0.0011178881084842325,70,0.0231
2023,austrian_grand_prix,PER,MEDIUM 2 → MEDIUM 23 → MEDIUM 25 → HARD 21,MEDIUM→MEDIUM→MEDIUM→HARD,3,71,5,2,4580.119,4548.305,-31.814,-0.006946107732135016,36,0.0214
2023,austrian_grand_prix,PIA,MEDIUM 2 → MEDIUM 12 → HARD 8 → HARD 19 → MEDIUM 29,MEDIUM→MEDIUM→HARD→HARD→MEDIUM,4,70,4,2,4667.071,4611.654,-55.417,-0.011874042627592415,7,0.0179
2023,austrian_grand_prix,RUS,MEDIUM 2 → MEDIUM 12 → HARD 27 → MEDIUM 30,MEDIUM→MEDIUM→HARD→MEDIUM,3,71,4,1,4671.925,4713.887,41.962,0.008981736650309411,69,0.0234
2023,austrian_grand_prix,SAI,MEDIUM 2 → MEDIUM 13 → MEDIUM 30 → HARD 26,MEDIUM→MEDIUM→MEDIUM→HARD,3,71,5,1,4571.637,4544.746,-26.891,-0.005882138061267684,33,0.0204
2023,austrian_grand_prix,SAR,MEDIUM 2 → MEDIUM 12 → HARD 29 → HARD 27,MEDIUM→MEDIUM→HARD→HARD,3,70,4,1,4635.338,4618.593,-16.745,-0.0036124658007679034,29,0.0177
2023,austrian_grand_prix,STR,MEDIUM 2 → MEDIUM 13 → HARD 21 → HARD 18 → MEDIUM 17,MEDIUM→MEDIUM→HARD→HARD→MEDIUM,4,71,5,2,4604.867,4583.538,-21.329,-0.004631838443976914,65,0.0215
2023,austrian_grand_prix,TSU,MEDIUM 1 → HARD 1 → HARD 21 → HARD 20 → MEDIUM 27,MEDIUM→HARD→HARD→HARD→MEDIUM,4,70,5,2,4603.483,4553.542,-49.941,-0.0108485249103776,27,0.0176
2023,austrian_grand_prix,VER,MEDIUM 2 → MEDIUM 22 → HARD 25 → MEDIUM 20 → SOFT 2,MEDIUM→MEDIUM→HARD→MEDIUM→SOFT,4,71,5,3,4568.992,4576.031,7.039,0.0015406023910739918,47,0.0225
2023,austrian_grand_prix,ZHO,MEDIUM 2 → MEDIUM 6 → HARD 30 → HARD 32,MEDIUM→MEDIUM→HARD→HARD,3,70,4,2,4657.702,4638.831,-18.871,-0.004051568777907707,22,0.0209
2023,bahrain_grand_prix,ALB,SOFT 11 → SOFT 15 → HARD 14 → SOFT 17,SOFT→SOFT→HARD→SOFT,3,57,2,2,5381.221,5364.093,-17.128,-0.0031829207534865953,29,0.0214
2023,bahrain_grand_prix,ALO,SOFT 14 → HARD 20 → HARD 23,SOFT→HARD→HARD,2,57,1,2,5445.052,5452.521,7.469,0.0013717040718804815,54,0.0217
2023,bahrain_grand_prix,BOT,SOFT 11 → HARD 18 → HARD 28,SOFT→HARD→HARD,2,57,2,2,5379.572,5364.739,-14.833,-0.0027572825496150646,53,0.0236
2023,bahrain_grand_prix,DEV,SOFT 11 → HARD 16 → HARD 29,SOFT→HARD→HARD,2,56,2,2,5321.397,5286.096,-35.301,-0.006633784323928203,39,0.0211
2023,bahrain_grand_prix,GAS,SOFT 9 → HARD 16 → HARD 15 → SOFT 17,SOFT→HARD→HARD→SOFT,3,57,2,2,5362.589,5400.802,38.213,0.007125849100126773,27,0.0229
2023,bahrain_grand_prix,HAM,SOFT 12 → HARD 18 → HARD 27,SOFT→HARD→HARD,2,57,1,2,5458.934,5431.774,-27.16,-0.004975330348379511,28,0.0223
2023,bahrain_grand_prix,HUL,SOFT 11 → HARD 15 → HARD 14 → SOFT 16,SOFT→HARD→HARD→SOFT,3,56,2,2,5309.344,5258.156,-51.188,-0.009641115738592549,35,0.0234
2023,bahrain_grand_prix,MAG,HARD 15 → HARD 14 → SOFT 11 → SOFT 16,HARD→HARD→SOFT→SOFT,3,56,2,2,5303.819,5260.179,-43.64,-0.008228033422708564,37,0.0218
2023,bahrain_grand_prix,PER,SOFT 17 → SOFT 17 → HARD 23,SOFT→SOFT→HARD,2,57,2,2,5324.481,5331.211,6.73,0.0012639729581151184,46,0.0186
2023,bahrain_grand_prix,RUS,SOFT 13 → HARD 18 → HARD 26,SOFT→HARD→HARD,2,57,2,2,5365.569,5349.399,-16.17,-0.0030136598746563644,26,0.0216
2023,bahrain_grand_prix,SAI,SOFT 13 → HARD 18 → HARD 26,SOFT→HARD→HARD,2,57,1,2,5456.693,5484.652,27.959,0.005123799341469411,56,0.0235
2023,bahrain_grand_prix,SAR,SOFT 12 → SOFT 18 → HARD 10 → SOFT 16,SOFT→SOFT→HARD→SOFT,3,56,2,2,5291.65,5285.937,-5.713,-0.0010796254476393276,54,0.0244
2023,bahrain_grand_prix,STR,SOFT 15 → HARD 15 → HARD 27,SOFT→HARD→HARD,2,57,2,2,5361.843,5338.022,-23.821,-0.004442688829195638,46,0.0203
2023,bahrain_grand_prix,TSU,SOFT 10 → HARD 16 → HARD 14 → SOFT 17,SOFT→HARD→HARD→SOFT,3,57,2,2,5378.683,5324.59,-54.093,-0.010056922856394033,45,0.0222
2023,bahrain_grand_prix,VER,SOFT 14 → SOFT 22 → HARD 21,SOFT→SOFT→HARD,2,57,2,2,5312.398,5310.052,-2.346,-0.00044160847888236737,23,0.0195
2023,bahrain_grand_prix,ZHO,SOFT 12 → HARD 20 → SOFT 22 → SOFT 2,SOFT→HARD→SOFT→SOFT,3,56,2,3,5341.962,5307.763,-34.199,-0.0064019549371558074,27,0.0214
2023,belgian_grand_prix,ALB,SOFT 7 → MEDIUM 16 → MEDIUM 10 → SOFT 11,SOFT→MEDIUM→MEDIUM→SOFT,3,44,0,3,4926.275,4872.271,-54.004,-0.010962441195426548,25,0.044
2023,belgian_grand_prix,ALO,MEDIUM 10 → MEDIUM 19 → SOFT 15,MEDIUM→MEDIUM→SOFT,2,44,0,2,4888.364,4816.31,-72.054,-0.014739900711157817,14,0.041
2023,belgian_grand_prix,BOT,SOFT 6 → MEDIUM 18 → MEDIUM 20,SOFT→MEDIUM→MEDIUM,2,44,0,2,4914.478,4907.023,-7.455,-0.0015169464590137213,38,0.0449
2023,belgian_grand_prix,GAS,SOFT 23 → MEDIUM 21,SOFT→MEDIUM,1,44,0,1,4910.685,4902.04,-8.645,-0.0017604468623008214,33,0.0439
2023,belgian_grand_prix,HAM,SOFT 12 → MEDIUM 15 → SOFT 15 → MEDIUM 2,SOFT→MEDIUM→SOFT→MEDIUM,3,44,0,3,4884.911,4830.153,-54.758,-0.011209620809877559,14,0.0409
2023,belgian_grand_prix,HUL,MEDIUM 12 → SOFT 12 → SOFT 20,MEDIUM→SOFT→SOFT,2,44,0,2,4937.63,4888.575,-49.055,-0.009934928295558858,11,0.0401
2023,belgian_grand_prix,LEC,SOFT 13 → MEDIUM 15 → SOFT 16,SOFT→MEDIUM→SOFT,2,44,0,2,4868.125,4846.269,-21.856,-0.0044896135575807836,27,0.0428
2023,belgian_grand_prix,MAG,SOFT 5 → MEDIUM 20 → MEDIUM 19,SOFT→MEDIUM→MEDIUM,2,44,0,2,4928.374,4968.858,40.484,0.008214473982697009,37,0.0444
2023,belgian_grand_prix,NOR,MEDIUM 5 → HARD 12 → SOFT 27,MEDIUM→HARD→SOFT,2,44,0,2,4905.337,4904.038,-1.299,-0.0002648136101554427,37,0.0358
2023,belgian_grand_prix,OCO,SOFT 6 → MEDIUM 19 → SOFT 19,SOFT→MEDIUM→SOFT,2,44,0,2,4903.282,4891.107,-12.175,-0.0024830307536859455,17,0.0403
2023,belgian_grand_prix,PER,SOFT 13 → MEDIUM 16 → SOFT 15,SOFT→MEDIUM→SOFT,2,44,0,2,4859.46,4796.192,-63.268,-0.013019553612952886,4,0.037
2023,belgian_grand_prix,RIC,SOFT 5 → MEDIUM 17 → MEDIUM 22,SOFT→MEDIUM→MEDIUM,2,44,0,2,4929.346,4836.626,-92.72,-0.018809797486320102,25,0.0431
2023,belgian_grand_prix,RUS,MEDIUM 22 → SOFT 22,MEDIUM→SOFT,1,44,0,1,4892.742,4851.144,-41.598,-0.008501981097715937,8,0.0391
2023,belgian_grand_prix,SAR,SOFT 8 → MEDIUM 16 → MEDIUM 10 → SOFT 10,SOFT→MEDIUM→MEDIUM→SOFT,3,44,0,3,4932.554,4902.046,-30.508,-0.006185031121808257,38,0.0463
2023,belgian_grand_prix,STR,MEDIUM 20 → SOFT 24,MEDIUM→SOFT,1,44,0,1,4909.694,4859.691,-50.003,-0.01018454510606932,11,0.0391
2023,belgian_grand_prix,TSU,MEDIUM 9 → MEDIUM 15 → SOFT 20,MEDIUM→MEDIUM→SOFT,2,44,0,2,4911.116,4872.846,-38.27,-0.007792526179385977,6,0.0386
2023,belgian_grand_prix,VER,SOFT 14 → MEDIUM 16 → SOFT 14,SOFT→MEDIUM→SOFT,2,44,0,2,4834.791,4826.938,-7.853,-0.0016242687636338878,26,0.0378
2023,belgian_grand_prix,ZHO,SOFT 7 → MEDIUM 18 → SOFT 19,SOFT→MEDIUM→SOFT,2,44,0,2,4923.97,4868.513,-55.457,-0.011262660008082976,12,0.0401
2023,hungarian_grand_prix,ALB,MEDIUM 8 → HARD 23 → HARD 38,MEDIUM→HARD→HARD,2,69,0,2,5821.168,5801.804,-19.364,-0.003326480184045934,61,0.0226
2023,hungarian_grand_prix,ALO,MEDIUM 20 → HARD 23 → HARD 27,MEDIUM→HARD→HARD,2,70,0,2,5871.772,5914.092,42.32,0.007207364318641595,70,0.0292
2023,hungarian_grand_prix,BOT,MEDIUM 9 → HARD 31 → HARD 29,MEDIUM→HARD→HARD,2,69,0,2,5823.475,5806.473,-17.002,-0.002919562632276878,32,0.0261
2023,hungarian_grand_prix,HAM,MEDIUM 16 → HARD 33 → MEDIUM 21,MEDIUM→HARD→MEDIUM,2,70,0,2,5837.229,5842.203,4.974,0.0008521166464429015,47,0.0272
2023,hungarian_grand_prix,HUL,MEDIUM 16 → HARD 22 → HARD 31,MEDIUM→HARD→HARD,2,69,0,2,5846.343,5789.12,-57.223,-0.009787828049089672,46,0.0211
2023,hungarian_grand_prix,LEC,MEDIUM 17 → HARD 26 → HARD 27,MEDIUM→HARD→HARD,2,70,0,2,5862.623,5854.854,-7.769,-0.001325174755395519,57,0.0283
2023,hungarian_grand_prix,MAG,MEDIUM 14 → HARD 27 → HARD 28,MEDIUM→HARD→HARD,2,69,0,2,5875.202,5859.495,-15.707,-0.002673439994062931,29,0.0228
2023,hungarian_grand_prix,NOR,MEDIUM 17 → HARD 27 → MEDIUM 26,MEDIUM→HARD→MEDIUM,2,70,0,2,5832.464,5809.836,-22.628,-0.003879663895053254,19,0.0254
2023,hungarian_grand_prix,PER,HARD 24 → MEDIUM 18 → MEDIUM 28,HARD→MEDIUM→MEDIUM,2,70,0,2,5833.169,5775.382,-57.787,-0.009906621940835603,31,0.0264
2023,hungarian_grand_prix,PIA,MEDIUM 18 → HARD 24 → MEDIUM 28,MEDIUM→HARD→MEDIUM,2,70,0,2,5862.522,5871.629,9.107,0.0015534270063293529,28,0.0262
2023,hungarian_grand_prix,RIC,MEDIUM 18 → HARD 11 → MEDIUM 40,MEDIUM→HARD→MEDIUM,2,69,0,2,5826.774,5785.738,-41.036,-0.007042662028765373,52,0.0216
2023,hungarian_grand_prix,RUS,HARD 28 → MEDIUM 18 → MEDIUM 24,HARD→MEDIUM→MEDIUM,2,70,0,2,5858.437,5848.385,-10.052,-0.0017158160103113835,33,0.0194
2023,hungarian_grand_prix,SAI,SOFT 15 → HARD 29 → HARD 26,SOFT→HARD→HARD,2,70,0,2,5867.923,5914.814,46.891,0.007991072820825972,70,0.0294
2023,hungarian_grand_prix,STR,SOFT 9 → HARD 25 → HARD 35,SOFT→HARD→HARD,2,69,0,2,5809.144,5817.344,8.2,0.0014115676939665837,66,0.0291
2023,hungarian_grand_prix,TSU,SOFT 9 → HARD 35 → MEDIUM 25,SOFT→HARD→MEDIUM,2,69,0,2,5845.347,5782.331,-63.016,-0.0107805404880156,12,0.0183
2023,hungarian_grand_prix,VER,MEDIUM 23 → HARD 28 → MEDIUM 19,MEDIUM→HARD→MEDIUM,2,70,0,2,5800.722,5818.451,17.729,0.003056343675838391,33,0.0264
2023,hungarian_grand_prix,ZHO,MEDIUM 10 → HARD 28 → HARD 31,MEDIUM→HARD→HARD,2,69,0,2,5852.392,5875.793,23.401,0.003998535983235389,69,0.022
2023,miami_grand_prix,ALB,MEDIUM 22 → HARD 35,MEDIUM→HARD,1,57,0,1,5227.756,5197.542,-30.214,-0.005779535234620906,24,0.0221
2023,miami_grand_prix,ALO,MEDIUM 24 → HARD 33,MEDIUM→HARD,1,57,0,1,5187.298,5206.039,18.741,0.0036128635756028,50,0.0241
2023,miami_grand_prix,BOT,MEDIUM 15 → HARD 42,MEDIUM→HARD,1,57,0,1,5228.564,5199.384,-29.18,-0.00558088224606209,31,0.0201
2023,miami_grand_prix,DEV,MEDIUM 15 → HARD 42,MEDIUM→HARD,1,57,0,1,5239.011,5226.693,-12.318,-0.002351207126688473,36,0.022
2023,miami_grand_prix,GAS,MEDIUM 15 → HARD 42,MEDIUM→HARD,1,57,0,1,5215.147,5202.782,-12.365,-0.002370978229376984,43,0.0229
2023,miami_grand_prix,HAM,HARD 37 → MEDIUM 20,HARD→MEDIUM,1,57,0,1,5205.127,5192.208,-12.919,-0.002481975944102605,29,0.0232
2023,miami_grand_prix,HUL,HARD 33 → MEDIUM 24,HARD→MEDIUM,1,57,0,1,5230.468,5221.919,-8.549,-0.0016344617728277987,31,0.0229
2023,miami_grand_prix,LEC,MEDIUM 17 → HARD 40,MEDIUM→HARD,1,57,0,1,5210.827,5227.231,16.404,0.0031480607588777075,24,0.0215
2023,miami_grand_prix,MAG,MEDIUM 14 → HARD 43,MEDIUM→HARD,1,57,0,1,5220.326,5202.954,-17.372,-0.003327761522939081,25,0.0223
2023,miami_grand_prix,NOR,SOFT 4 → HARD 53,SOFT→HARD,1,57,0,1,5238.205,5204.155,-34.05,-0.006500318334238751,18,0.0228
2023,miami_grand_prix,OCO,HARD 39 → MEDIUM 18,HARD→MEDIUM,1,57,0,1,5214.18,5200.884,-13.296,-0.002549969506231138,24,0.022
2023,miami_grand_prix,PER,MEDIUM 20 → HARD 37,MEDIUM→HARD,1,57,0,1,5167.434,5186.766,19.332,0.00374112180242604,31,0.0231
2023,miami_grand_prix,PIA,SOFT 5 → HARD 51,SOFT→HARD,1,56,0,1,5173.993,5114.804,-59.189,-0.011439713969462152,8,0.0216
2023,miami_grand_prix,RUS,MEDIUM 17 → HARD 40,MEDIUM→HARD,1,57,0,1,5192.003,5175.876,-16.127,-0.0031061230126405155,41,0.0216
2023,miami_grand_prix,SAI,MEDIUM 18 → HARD 39,MEDIUM→HARD,1,57,0,1,5197.674,5212.17,14.496,0.002788939821927707,53,0.0217
2023,miami_grand_prix,SAR,MEDIUM 2 → HARD 54,MEDIUM→HARD,1,56,0,1,5185.788,5109.318,-76.47,-0.01474607137815897,6,0.0214
2023,miami_grand_prix,STR,HARD 42 → MEDIUM 15,HARD→MEDIUM,1,57,0,1,5216.706,5209.333,-7.373,-0.0014133439760641625,23,0.0227
2023,miami_grand_prix,TSU,HARD 36 → MEDIUM 21,HARD→MEDIUM,1,57,0,1,5216.814,5190.224,-26.59,-0.005096980647575002,38,0.0215
2023,miami_grand_prix,VER,HARD 45 → MEDIUM 12,HARD→MEDIUM,1,57,0,1,5156.517,5125.439,-31.078,-0.006026936399123404,32,0.0225
2023,miami_grand_prix,ZHO,HARD 31 → MEDIUM 26,HARD→MEDIUM,1,57,0,1,5230.775,5200.867,-29.908,-0.005717699576066712,36,0.0225
2023,saudi_arabian_grand_prix,DEV,MEDIUM 17 → HARD 33,MEDIUM→HARD,1,50,4,0,4313.129,4299.311,-13.818,-0.0032037066361799544,16,0.0194
2023,saudi_arabian_grand_prix,HUL,MEDIUM 11 → HARD 39,MEDIUM→HARD,1,50,4,1,4320.137,4297.519,-22.618,-0.005235482115497398,37,0.0202
2023,saudi_arabian_grand_prix,MAG,MEDIUM 8 → HARD 42,MEDIUM→HARD,1,50,4,1,4310.39,4344.658,34.268,0.0079500926830289,46,0.023
2023,saudi_arabian_grand_prix,NOR,SOFT 2 → HARD 17 → MEDIUM 31,SOFT→HARD→MEDIUM,2,50,4,1,4342.461,4297.176,-45.285,-0.010428418355397769,5,0.0178
2023,saudi_arabian_grand_prix,PIA,MEDIUM 1 → HARD 49,MEDIUM→HARD,1,50,4,0,4333.672,4263.466,-70.206,-0.016200118513814848,5,0.0191
2023,saudi_arabian_grand_prix,SAR,HARD 18 → MEDIUM 32,HARD→MEDIUM,1,50,4,0,4322.861,4280.636,-42.225,-0.009767836624865169,46,0.0212
2023,saudi_arabian_grand_prix,ZHO,MEDIUM 11 → HARD 7 → MEDIUM 32,MEDIUM→HARD→MEDIUM,2,50,4,1,4322.436,4295.574,-26.862,-0.00621455123916259,40,0.0195
2023,spanish_grand_prix,ALB,SOFT 16 → HARD 21 → MEDIUM 28,SOFT→HARD→MEDIUM,2,65,0,2,5213.373,5193.067,-20.306,-0.003894983151982333,49,0.0271
2023,spanish_grand_prix,ALO,SOFT 19 → SOFT 25 → HARD 22,SOFT→SOFT→HARD,2,66,0,2,5254.028,5252.325,-1.703,-0.00032413226575919425,25,0.0241
2023,spanish_grand_prix,BOT,SOFT 5 → HARD 34 → HARD 26,SOFT→HARD→HARD,2,65,0,2,5235.223,5216.984,-18.239,-0.003483901258839235,28,0.0235
2023,spanish_grand_prix,DEV,SOFT 9 → HARD 29 → MEDIUM 27,SOFT→HARD→MEDIUM,2,65,0,2,5191.47,5171.677,-19.793,-0.003812600284697543,31,0.0273
2023,spanish_grand_prix,GAS,SOFT 19 → MEDIUM 20 → HARD 27,SOFT→MEDIUM→HARD,2,66,0,2,5259.927,5232.952,-26.975,-0.005128398169783865,54,0.0278
2023,spanish_grand_prix,HAM,SOFT 24 → MEDIUM 26 → SOFT 16,SOFT→MEDIUM→SOFT,2,66,0,2,5215.654,5207.807,-7.847,-0.0015045093098586617,30,0.022
2023,spanish_grand_prix,HUL,SOFT 8 → MEDIUM 18 → HARD 17 → MEDIUM 22,SOFT→MEDIUM→HARD→MEDIUM,3,65,0,3,5206.104,5217.102,10.998,0.0021125202262574075,65,0.0255
2023,spanish_grand_prix,LEC,HARD 16 → SOFT 25 → HARD 25,HARD→SOFT→HARD,2,66,0,2,5256.569,5244.754,-11.815,-0.0022476638278692224,32,0.0225
2023,spanish_grand_prix,MAG,SOFT 10 → MEDIUM 14 → HARD 18 → MEDIUM 23,SOFT→MEDIUM→HARD→MEDIUM,3,65,0,3,5224.827,5223.077,-1.75,-0.000334939319521967,61,0.0289
2023,spanish_grand_prix,NOR,SOFT 1 → HARD 21 → MEDIUM 28 → SOFT 15,SOFT→HARD→MEDIUM→SOFT,3,65,0,2,5216.902,5103.596,-113.306,-0.021719020215445965,4,0.022
2023,spanish_grand_prix,OCO,SOFT 13 → MEDIUM 22 → HARD 31,SOFT→MEDIUM→HARD,2,66,0,2,5260.053,5260.367,0.314,5.969521599848644e-05,46,0.0252
2023,spanish_grand_prix,PER,MEDIUM 27 → HARD 23 → SOFT 16,MEDIUM→HARD→SOFT,2,66,0,2,5223.397,5200.166,-23.231,-0.004447488865962088,43,0.0279
2023,spanish_grand_prix,PIA,SOFT 17 → HARD 22 → MEDIUM 26,SOFT→HARD→MEDIUM,2,65,0,2,5192.14,5176.989,-15.151,-0.0029180646130498693,54,0.0269
2023,spanish_grand_prix,RUS,SOFT 25 → MEDIUM 20 → SOFT 21,SOFT→MEDIUM→SOFT,2,66,0,2,5221.795,5209.659,-12.136,-0.002324105025187257,44,0.0265
2023,spanish_grand_prix,SAI,SOFT 15 → MEDIUM 26 → HARD 25,SOFT→MEDIUM→HARD,2,66,0,2,5238.624,5226.742,-11.882,-0.0022681528584608144,32,0.024
2023,spanish_grand_prix,SAR,MEDIUM 17 → HARD 19 → HARD 29,MEDIUM→HARD→HARD,2,65,0,2,5235.316,5210.039,-25.277,-0.004828170830566354,53,0.0277
2023,spanish_grand_prix,STR,SOFT 14 → SOFT 20 → HARD 32,SOFT→SOFT→HARD,2,66,0,2,5255.521,5247.723,-7.798,-0.0014837729694156183,40,0.0233
2023,spanish_grand_prix,TSU,SOFT 10 → HARD 24 → MEDIUM 32,SOFT→HARD→MEDIUM,2,66,0,2,5257.512,5291.358,33.846,0.006437645791393257,49,0.0262
2023,spanish_grand_prix,VER,MEDIUM 26 → HARD 26 → SOFT 14,MEDIUM→HARD→SOFT,2,66,0,2,5194.005,5204.577,10.572,0.0020354235315524394,31,0.0211
2023,spanish_grand_prix,ZHO,SOFT 9 → HARD 27 → HARD 30,SOFT→HARD→HARD,2,66,0,2,5260.336,5241.113,-19.223,-0.003654329305199751,20,0.0242
2023,united_states_grand_prix,ALB,MEDIUM 10 → HARD 19 → MEDIUM 27,MEDIUM→HARD→MEDIUM,2,56,0,2,5692.708,5689.45,-3.258,-0.000572311103960108,51,0.0297
2023,united_states_grand_prix,BOT,MEDIUM 10 → HARD 18 → HARD 28,MEDIUM→HARD→HARD,2,56,0,2,5709.116,5695.829,-13.287,-0.0023273305359357483,41,0.0274
2023,united_states_grand_prix,GAS,MEDIUM 18 → MEDIUM 19 → HARD 19,MEDIUM→MEDIUM→HARD,2,56,0,2,5660.929,5643.955,-16.974,-0.0029984477812739305,34,0.0265
2023,united_states_grand_prix,HAM,MEDIUM 20 → HARD 18 → MEDIUM 18,MEDIUM→HARD→MEDIUM,2,56,0,2,5618.886,5629.174,10.288,0.0018309679178400247,28,0.0264
2023,united_states_grand_prix,HUL,HARD 19 → MEDIUM 15 → MEDIUM 22,HARD→MEDIUM→MEDIUM,2,56,0,2,5698.021,5671.124,-26.897,-0.0047204108233368835,26,0.026
2023,united_states_grand_prix,LEC,MEDIUM 23 → HARD 33,MEDIUM→HARD,1,56,0,1,5642.542,5641.177,-1.365,-0.0002419122445167057,30,0.0268
2023,united_states_grand_prix,MAG,MEDIUM 10 → HARD 19 → MEDIUM 26,MEDIUM→HARD→MEDIUM,2,55,0,2,5617.862,5585.017,-32.845,-0.005846530228047494,20,0.0267
2023,united_states_grand_prix,NOR,MEDIUM 17 → HARD 17 → HARD 22,MEDIUM→HARD→HARD,2,56,0,2,5630.38,5609.609,-20.771,-0.0036890938089430923,5,0.0251
2023,united_states_grand_prix,PER,MEDIUM 17 → MEDIUM 20 → HARD 19,MEDIUM→MEDIUM→HARD,2,56,0,2,5631.751,5603.446,-28.305,-0.005025967944961008,27,0.0258
2023,united_states_grand_prix,RIC,MEDIUM 22 → HARD 25 → SOFT 8,MEDIUM→HARD→SOFT,2,55,0,2,5620.407,5704.467,84.06,0.014956212245839694,52,0.0287
2023,united_states_grand_prix,RUS,MEDIUM 21 → HARD 18 → MEDIUM 17,MEDIUM→HARD→MEDIUM,2,56,0,2,5638.732,5658.359,19.627,0.0034807470899483398,31,0.0256
2023,united_states_grand_prix,SAI,MEDIUM 17 → MEDIUM 18 → HARD 21,MEDIUM→MEDIUM→HARD,2,56,0,2,5632.098,5614.682,-17.416,-0.0030922757380997573,30,0.0265
2023,united_states_grand_prix,SAR,MEDIUM 11 → HARD 21 → MEDIUM 24,MEDIUM→HARD→MEDIUM,2,56,0,2,5697.393,5751.15,53.757,0.009435368070975551,53,0.028
2023,united_states_grand_prix,STR,HARD 20 → MEDIUM 20 → MEDIUM 16,HARD→MEDIUM→MEDIUM,2,56,0,2,5655.109,5624.084,-31.025,-0.005486189567699129,32,0.025
2023,united_states_grand_prix,TSU,MEDIUM 17 → HARD 17 → MEDIUM 20 → SOFT 2,MEDIUM→HARD→MEDIUM→SOFT,3,56,0,3,5686.492,5682.584,-3.908,-0.000687242679669388,31,0.0276
2023,united_states_grand_prix,VER,MEDIUM 16 → MEDIUM 19 → HARD 21,MEDIUM→MEDIUM→HARD,2,56,0,2,5615.825,5585.852,-29.973,-0.005337238963109031,21,0.0263
2023,united_states_grand_prix,ZHO,MEDIUM 9 → HARD 18 → HARD 28,MEDIUM→HARD→HARD,2,55,0,2,5616.007,5620.645,4.638,0.0008258536714786715,43,0.0267
2024,abu_dhabi_grand_prix,ALB,MEDIUM 12 → HARD 45,MEDIUM→HARD,1,57,2,1,4887.385,4862.566,-24.819,-0.005078175752473032,30,0.0303
2024,abu_dhabi_grand_prix,ALO,MEDIUM 13 → HARD 24 → HARD 21,MEDIUM→HARD→HARD,2,58,2,2,4967.102,4956.852,-10.25,-0.0020635775146146135,19,0.0269
2024,abu_dhabi_grand_prix,DOO,MEDIUM 22 → HARD 35,MEDIUM→HARD,1,57,2,1,4900.666,4901.788,1.122,0.00022894847353369498,28,0.0273
2024,abu_dhabi_grand_prix,GAS,MEDIUM 14 → HARD 44,MEDIUM→HARD,1,58,2,1,4959.27,4993.721,34.451,0.006946788539441936,50,0.0293
2024,abu_dhabi_grand_prix,HAM,HARD 34 → MEDIUM 24,HARD→MEDIUM,1,58,2,1,4915.423,4923.596,8.173,0.001662725669794802,25,0.0275
2024,abu_dhabi_grand_prix,HUL,MEDIUM 13 → HARD 45,MEDIUM→HARD,1,58,2,1,4960.771,4994.993,34.222,0.006898524443075431,50,0.0296
2024,abu_dhabi_grand_prix,LEC,MEDIUM 20 → HARD 38,MEDIUM→HARD,1,58,2,1,4914.906,4933.21,18.304,0.0037241810931889644,52,0.028
2024,abu_dhabi_grand_prix,MAG,MEDIUM 12 → HARD 17 → HARD 1 → SOFT 25 → SOFT 2,MEDIUM→HARD→HARD→SOFT→SOFT,4,57,2,4,4961.459,4926.692,-34.767,-0.00700741455285611,37,0.0275
2024,abu_dhabi_grand_prix,NOR,MEDIUM 26 → HARD 32,MEDIUM→HARD,1,58,2,1,4890.487,4870.255,-20.232,-0.004137011303782585,16,0.0249
2024,abu_dhabi_grand_prix,PIA,MEDIUM 4 → HARD 28 → HARD 26,MEDIUM→HARD→HARD,2,58,2,2,4956.579,4942.057,-14.522,-0.002929843345581504,40,0.0269
2024,abu_dhabi_grand_prix,RUS,MEDIUM 26 → HARD 32,MEDIUM→HARD,1,58,2,1,4923.501,4911.705,-11.796,-0.0023958561194567006,29,0.0263
2024,abu_dhabi_grand_prix,SAI,MEDIUM 25 → HARD 33,MEDIUM→HARD,1,58,2,1,4893.559,4866.922,-26.637,-0.005443277581816813,4,0.022
2024,abu_dhabi_grand_prix,STR,MEDIUM 11 → HARD 21 → HARD 25,MEDIUM→HARD→HARD,2,57,2,2,4895.559,4868.566,-26.993,-0.005513772788765833,13,0.0263
2024,abu_dhabi_grand_prix,TSU,MEDIUM 22 → HARD 35,MEDIUM→HARD,1,57,2,1,4889.609,4880.462,-9.147,-0.001870701726865338,33,0.0279
2024,abu_dhabi_grand_prix,VER,MEDIUM 29 → HARD 29,MEDIUM→HARD,1,58,2,1,4930.639,4924.309,-6.33,-0.00128380925879991,32,0.0255
2024,abu_dhabi_grand_prix,ZHO,MEDIUM 12 → HARD 27 → HARD 18,MEDIUM→HARD→HARD,2,57,2,2,4894.123,4893.17,-0.953,-0.00019472334471355138,38,0.0284
2024,australian_grand_prix,ALB,MEDIUM 6 → HARD 21 → HARD 30,MEDIUM→HARD→HARD,2,57,2,2,4521.386,4496.381,-25.005,-0.005530383824782955,14,0.0208
2024,australian_grand_prix,ALO,HARD 17 → MEDIUM 24 → HARD 17,HARD→MEDIUM→HARD,2,58,4,1,4390.356,4359.675,-30.681,-0.006988271566133411,10,0.0193
2024,australian_grand_prix,BOT,MEDIUM 8 → HARD 28 → HARD 21,MEDIUM→HARD→HARD,2,57,4,2,4378.184,4330.61,-47.574,-0.010866149070025087,29,0.0214
2024,australian_grand_prix,GAS,MEDIUM 17 → HARD 24 → HARD 16,MEDIUM→HARD→HARD,2,57,3,1,4439.974,4380.779,-59.195,-0.013332285279147765,44,0.0206
2024,australian_grand_prix,HUL,HARD 17 → MEDIUM 18 → HARD 23,HARD→MEDIUM→HARD,2,58,3,1,4498.643,4486.603,-12.04,-0.002676362627574776,32,0.0218
2024,australian_grand_prix,LEC,MEDIUM 9 → HARD 25 → HARD 24,MEDIUM→HARD→HARD,2,58,3,2,4442.363,4445.271,2.908,0.0006546065686209202,38,0.0212
2024,australian_grand_prix,MAG,MEDIUM 7 → HARD 26 → HARD 24,MEDIUM→HARD→HARD,2,57,2,2,4518.637,4486.592,-32.045,-0.007091740274777764,48,0.0209
2024,australian_grand_prix,NOR,MEDIUM 14 → HARD 26 → HARD 18,MEDIUM→HARD→HARD,2,58,3,2,4446.502,4442.127,-4.375,-0.000983919494469626,37,0.023
2024,australian_grand_prix,OCO,MEDIUM 9 → HARD 7 → HARD 26 → HARD 15,MEDIUM→HARD→HARD→HARD,3,57,4,2,4352.854,4319.089,-33.765,-0.007756979673566386,44,0.0206
2024,australian_grand_prix,PER,MEDIUM 14 → HARD 21 → HARD 23,MEDIUM→HARD→HARD,2,58,4,2,4390.577,4402.994,12.417,0.002828102092276339,53,0.0235
2024,australian_grand_prix,PIA,MEDIUM 9 → HARD 30 → HARD 19,MEDIUM→HARD→HARD,2,58,4,2,4376.143,4376.644,0.501,0.00011448437585381075,37,0.025
2024,australian_grand_prix,RIC,SOFT 5 → HARD 24 → HARD 28,SOFT→HARD→HARD,2,57,2,2,4521.816,4545.732,23.916,0.005289025471182412,31,0.0189
2024,australian_grand_prix,SAI,MEDIUM 16 → HARD 25 → HARD 17,MEDIUM→HARD→HARD,2,58,3,1,4433.41,4409.53,-23.88,-0.00538637301760888,33,0.0192
2024,australian_grand_prix,STR,MEDIUM 8 → HARD 29 → HARD 21,MEDIUM→HARD→HARD,2,58,4,2,4415.176,4425.343,10.167,0.002302739460442883,39,0.0194
2024,australian_grand_prix,TSU,MEDIUM 9 → HARD 27 → HARD 22,MEDIUM→HARD→HARD,2,58,4,2,4422.257,4408.811,-13.446,-0.0030405288521225295,55,0.02
2024,australian_grand_prix,ZHO,SOFT 6 → HARD 29 → HARD 22,SOFT→HARD→HARD,2,57,3,2,4460.859,4422.486,-38.373,-0.008602154876448796,12,0.0193
2024,austrian_grand_prix,ALB,MEDIUM 12 → HARD 27 → HARD 31,MEDIUM→HARD→HARD,2,70,1,2,4905.298,4918.885,13.587,0.002769862299905585,51,0.0213
2024,austrian_grand_prix,ALO,MEDIUM 11 → MEDIUM 24 → HARD 33 → SOFT 2,MEDIUM→MEDIUM→HARD→SOFT,3,70,2,3,4868.886,4787.722,-81.164,-0.01666993230073605,13,0.0185
2024,austrian_grand_prix,BOT,MEDIUM 19 → HARD 23 → HARD 28,MEDIUM→HARD→HARD,2,70,1,2,4913.462,4899.808,-13.654,-0.0027788960207691554,30,0.0181
2024,austrian_grand_prix,GAS,MEDIUM 20 → HARD 22 → MEDIUM 29,MEDIUM→HARD→MEDIUM,2,71,2,2,4887.044,4865.385,-21.659,-0.004431922446369815,52,0.0203
2024,austrian_grand_prix,HAM,MEDIUM 21 → HARD 32 → MEDIUM 18,MEDIUM→HARD→MEDIUM,2,71,2,2,4855.482,4890.347,34.865,0.007180543558806647,71,0.0201
2024,austrian_grand_prix,HUL,MEDIUM 11 → HARD 28 → HARD 32,MEDIUM→HARD→HARD,2,71,2,2,4879.038,4914.848,35.81,0.0073395616103005675,67,0.0202
2024,austrian_grand_prix,LEC,MEDIUM 1 → HARD 15 → MEDIUM 17 → MEDIUM 18 → MEDIUM 20,MEDIUM→HARD→MEDIUM→MEDIUM→MEDIUM,4,71,1,3,4960.924,4877.535,-83.389,-0.016809167001953337,5,0.0183
2024,austrian_grand_prix,MAG,MEDIUM 10 → HARD 28 → HARD 33,MEDIUM→HARD→HARD,2,71,2,2,4885.379,4879.137,-6.242,-0.001277690021593041,33,0.02
2024,austrian_grand_prix,OCO,MEDIUM 19 → HARD 24 → MEDIUM 28,MEDIUM→HARD→MEDIUM,2,71,1,2,4965.383,4964.917,-0.466,-9.384975942410291e-05,13,0.0191
2024,austrian_grand_prix,PER,MEDIUM 21 → HARD 30 → MEDIUM 20,MEDIUM→HARD→MEDIUM,2,71,2,2,4881.965,4880.668,-1.297,-0.00026567171210801176,38,0.019
2024,austrian_grand_prix,PIA,MEDIUM 25 → HARD 26 → MEDIUM 20,MEDIUM→HARD→MEDIUM,2,71,1,2,4900.722,4845.928,-54.794,-0.011180801522714199,33,0.0196
2024,austrian_grand_prix,RIC,MEDIUM 10 → HARD 27 → HARD 34,MEDIUM→HARD→HARD,2,71,2,2,4886.049,4892.06,6.011,0.0012302373553765879,39,0.0211
2024,austrian_grand_prix,RUS,MEDIUM 22 → MEDIUM 24 → HARD 25,MEDIUM→MEDIUM→HARD,2,71,1,2,4901.465,4887.24,-14.225,-0.0029021935278532945,32,0.0218
2024,austrian_grand_prix,SAI,MEDIUM 22 → HARD 25 → MEDIUM 24,MEDIUM→HARD→MEDIUM,2,71,1,2,4904.497,4880.78,-23.717,-0.004835766032684364,34,0.0196
2024,austrian_grand_prix,STR,MEDIUM 20 → MEDIUM 23 → HARD 27,MEDIUM→MEDIUM→HARD,2,70,1,2,4904.495,4914.184,9.689,0.0019755346880770204,41,0.0197
2024,austrian_grand_prix,TSU,MEDIUM 21 → HARD 23 → HARD 26,MEDIUM→HARD→HARD,2,70,1,2,4908.457,4926.802,18.345,0.0037374270570161364,70,0.0206
2024,austrian_grand_prix,VER,MEDIUM 23 → HARD 28 → MEDIUM 13 → SOFT 7,MEDIUM→HARD→MEDIUM→SOFT,3,71,2,2,4840.585,4753.421,-87.164,-0.018006914453521764,5,0.0176
2024,austrian_grand_prix,ZHO,HARD 28 → MEDIUM 23 → HARD 19,HARD→MEDIUM→HARD,2,70,2,2,4863.844,4869.883,6.039,0.001241610545074811,58,0.0184
2024,bahrain_grand_prix,ALB,SOFT 15 → HARD 21 → HARD 20,SOFT→HARD→HARD,2,56,0,2,5412.74,5407.789,-4.951,-0.0009146938519121762,55,0.0254
2024,bahrain_grand_prix,ALO,SOFT 15 → HARD 26 → HARD 16,SOFT→HARD→HARD,2,57,0,2,5477.95,5457.164,-20.786,-0.0037944851632450535,31,0.021
2024,bahrain_grand_prix,GAS,SOFT 12 → HARD 19 → HARD 12 → SOFT 13,SOFT→HARD→HARD→SOFT,3,56,0,3,5429.919,5406.03,-23.889,-0.004399513141908937,39,0.0237
2024,bahrain_grand_prix,HAM,SOFT 12 → HARD 21 → HARD 24,SOFT→HARD→HARD,2,57,0,2,5451.944,5450.265,-1.679,-0.00030796354474629014,56,0.0257
2024,bahrain_grand_prix,HUL,SOFT 1 → HARD 19 → HARD 21 → SOFT 15,SOFT→HARD→HARD→SOFT,3,56,0,2,5408.819,5359.976,-48.843,-0.009030252260243678,3,0.017
2024,bahrain_grand_prix,LEC,SOFT 11 → HARD 23 → HARD 23,SOFT→HARD→HARD,2,57,0,2,5446.14,5431.813,-14.327,-0.0026306705299533662,51,0.025
2024,bahrain_grand_prix,MAG,SOFT 11 → HARD 21 → HARD 24,SOFT→HARD→HARD,2,56,0,2,5408.709,5385.123,-23.586,-0.004360744865364403,42,0.0249
2024,bahrain_grand_prix,NOR,SOFT 13 → HARD 20 → HARD 24,SOFT→HARD→HARD,2,57,0,2,5451.032,5443.814,-7.218,-0.001324152931041287,21,0.0227
2024,bahrain_grand_prix,OCO,SOFT 10 → HARD 20 → HARD 26,SOFT→HARD→HARD,2,56,0,2,5429.535,5449.88,20.345,0.003747098047990761,56,0.0252
2024,bahrain_grand_prix,PER,SOFT 12 → HARD 24 → SOFT 21,SOFT→HARD→SOFT,2,57,0,2,5427.146,5448.329,21.183,0.0039031564656640387,56,0.0256
2024,bahrain_grand_prix,PIA,SOFT 12 → HARD 22 → HARD 23,SOFT→HARD→HARD,2,57,0,2,5458.301,5473.201,14.9,0.002729787162708455,54,0.0261
2024,bahrain_grand_prix,RIC,SOFT 13 → HARD 22 → SOFT 21,SOFT→HARD→SOFT,2,56,0,2,5408.032,5342.211,-65.821,-0.012170970881829253,46,0.0233
2024,bahrain_grand_prix,RUS,SOFT 11 → HARD 20 → HARD 26,SOFT→HARD→HARD,2,57,0,2,5452.302,5485.81,33.508,0.006145661043720915,56,0.0257
2024,bahrain_grand_prix,SAI,SOFT 14 → HARD 21 → HARD 22,SOFT→HARD→HARD,2,57,0,2,5429.232,5429.638,0.406,7.478037409358426e-05,37,0.0211
2024,bahrain_grand_prix,STR,SOFT 9 → HARD 18 → HARD 30,SOFT→HARD→HARD,2,57,0,2,5487.744,5467.752,-19.992,-0.0036430270799804407,44,0.0218
2024,bahrain_grand_prix,TSU,SOFT 14 → HARD 20 → HARD 22,SOFT→HARD→HARD,2,56,0,2,5410.739,5387.7,-23.039,-0.004258013554156371,31,0.0236
2024,bahrain_grand_prix,VER,SOFT 17 → HARD 20 → SOFT 20,SOFT→HARD→SOFT,2,57,0,2,5407.458,5400.47,-6.988,-0.001292289278992645,33,0.0232
2024,bahrain_grand_prix,ZHO,SOFT 9 → HARD 19 → HARD 28,SOFT→HARD→HARD,2,56,0,2,5406.7,5365.963,-40.737,-0.007534540477555977,12,0.021
2024,belgian_grand_prix,ALB,MEDIUM 8 → MEDIUM 15 → HARD 21,MEDIUM→MEDIUM→HARD,2,44,0,2,4743.37,4754.314,10.944,0.0023072203939394176,20,0.0322
2024,belgian_grand_prix,ALO,MEDIUM 13 → HARD 31,MEDIUM→HARD,1,44,0,1,4730.426,4705.708,-24.718,-0.0052253222014251866,25,0.0336
2024,belgian_grand_prix,BOT,MEDIUM 11 → HARD 24 → MEDIUM 9,MEDIUM→HARD→MEDIUM,2,44,0,2,4748.917,4723.564,-25.353,-0.005338690905736857,31,0.0343
2024,belgian_grand_prix,GAS,MEDIUM 9 → HARD 19 → HARD 16,MEDIUM→HARD→HARD,2,44,0,2,4742.851,4733.128,-9.723,-0.0020500327756446594,31,0.0345
2024,belgian_grand_prix,HAM,MEDIUM 11 → HARD 15 → HARD 18,MEDIUM→HARD→HARD,2,44,0,2,4684.866,4665.799,-19.067,-0.004069913632535257,14,0.0325
2024,belgian_grand_prix,HUL,MEDIUM 7 → HARD 13 → MEDIUM 24,MEDIUM→HARD→MEDIUM,2,44,0,2,4765.717,4770.811,5.094,0.001068884283309131,31,0.0342
2024,belgian_grand_prix,LEC,MEDIUM 12 → HARD 13 → HARD 19,MEDIUM→HARD→HARD,2,44,0,2,4693.677,4695.585,1.908,0.0004065043248607535,42,0.0366
2024,belgian_grand_prix,MAG,MEDIUM 17 → HARD 27,MEDIUM→HARD,1,44,0,1,4742.923,4708.922,-34.001,-0.007168785999688039,32,0.0348
2024,belgian_grand_prix,NOR,MEDIUM 15 → HARD 14 → HARD 15,MEDIUM→HARD→HARD,2,44,0,2,4691.163,4681.34,-9.823,-0.0020939370471672633,20,0.0333
2024,belgian_grand_prix,OCO,MEDIUM 12 → HARD 18 → HARD 14,MEDIUM→HARD→HARD,2,44,0,2,4731.745,4702.342,-29.403,-0.006213986594797532,24,0.0336
2024,belgian_grand_prix,PER,MEDIUM 11 → MEDIUM 10 → HARD 21 → SOFT 2,MEDIUM→MEDIUM→HARD→SOFT,3,44,0,3,4726.796,4716.083,-10.713,-0.002266440100228706,35,0.035
2024,belgian_grand_prix,PIA,MEDIUM 11 → HARD 19 → HARD 14,MEDIUM→HARD→HARD,2,44,0,2,4683.965,4658.666,-25.299,-0.005401193219846856,28,0.0344
2024,belgian_grand_prix,RIC,SOFT 8 → MEDIUM 13 → HARD 23,SOFT→MEDIUM→HARD,2,44,0,2,4732.71,4725.214,-7.496,-0.0015838705519674587,29,0.034
2024,belgian_grand_prix,RUS,MEDIUM 10 → HARD 34,MEDIUM→HARD,1,44,0,1,4682.277,4652.252,-30.025,-0.006412478373236043,28,0.0347
2024,belgian_grand_prix,SAI,HARD 20 → MEDIUM 8 → HARD 16,HARD→MEDIUM→HARD,2,44,0,2,4701.565,4693.271,-8.294,-0.0017640934454805537,32,0.0353
2024,belgian_grand_prix,SAR,MEDIUM 8 → MEDIUM 16 → HARD 20,MEDIUM→MEDIUM→HARD,2,44,0,2,4760.907,4752.667,-8.24,-0.0017307626466975077,29,0.0339
2024,belgian_grand_prix,STR,MEDIUM 12 → HARD 32,MEDIUM→HARD,1,44,0,1,4740.433,4746.817,6.384,0.0013467124205746258,42,0.0357
2024,belgian_grand_prix,TSU,MEDIUM 15 → HARD 29,MEDIUM→HARD,1,44,0,1,4752.136,4739.502,-12.634,-0.0026585939459643215,36,0.0346
2024,belgian_grand_prix,VER,MEDIUM 10 → HARD 18 → MEDIUM 16,MEDIUM→HARD→MEDIUM,2,44,0,2,4689.083,4650.171,-38.912,-0.008298424233480442,31,0.0323
2024,dutch_grand_prix,ALB,MEDIUM 12 → HARD 42 → MEDIUM 17,MEDIUM→HARD→MEDIUM,2,71,0,2,5397.695,5379.707,-17.988,-0.003332533609253969,14,0.0176
2024,dutch_grand_prix,ALO,MEDIUM 31 → HARD 40,MEDIUM→HARD,1,71,0,1,5374.326,5353.454,-20.872,-0.003883649782316945,46,0.0196
2024,dutch_grand_prix,GAS,MEDIUM 32 → HARD 39,MEDIUM→HARD,1,71,0,1,5369.469,5340.656,-28.813,-0.005366079960606924,46,0.0201
2024,dutch_grand_prix,HAM,SOFT 23 → HARD 25 → SOFT 24,SOFT→HARD→SOFT,2,72,0,2,5407.838,5335.024,-72.814,-0.013464530557313352,43,0.0195
2024,dutch_grand_prix,HUL,MEDIUM 14 → HARD 57,MEDIUM→HARD,1,71,0,1,5378.301,5393.317,15.016,0.0027919597657328093,66,0.0204
2024,dutch_grand_prix,LEC,MEDIUM 24 → HARD 48,MEDIUM→HARD,1,72,0,1,5387.636,5397.512,9.876,0.0018330859768550239,71,0.0202
2024,dutch_grand_prix,MAG,HARD 40 → MEDIUM 31,HARD→MEDIUM,1,71,0,1,5420.454,5367.414,-53.04,-0.00978515821737474,23,0.0199
2024,dutch_grand_prix,NOR,MEDIUM 28 → HARD 44,MEDIUM→HARD,1,72,0,1,5364.641,5362.296,-2.345,-0.00043712151474836134,65,0.0186
2024,dutch_grand_prix,OCO,MEDIUM 30 → HARD 41,MEDIUM→HARD,1,71,0,1,5404.236,5383.466,-20.77,-0.0038432814555096617,34,0.021
2024,dutch_grand_prix,PER,MEDIUM 29 → HARD 43,MEDIUM→HARD,1,72,0,1,5401.13,5376.452,-24.678,-0.00456904388526069,34,0.0186
2024,dutch_grand_prix,PIA,MEDIUM 33 → HARD 39,MEDIUM→HARD,1,72,0,1,5390.218,5384.88,-5.338,-0.000990312451184672,35,0.0193
2024,dutch_grand_prix,RIC,MEDIUM 29 → HARD 42,MEDIUM→HARD,1,71,0,1,5378.636,5371.327,-7.309,-0.001358894708621668,19,0.0202
2024,dutch_grand_prix,RUS,MEDIUM 25 → HARD 29 → SOFT 18,MEDIUM→HARD→SOFT,2,72,0,2,5408.407,5391.759,-16.648,-0.003078170707197005,51,0.0206
2024,dutch_grand_prix,SAI,MEDIUM 30 → HARD 42,MEDIUM→HARD,1,72,0,1,5392.182,5399.636,7.454,0.0013823717374527684,68,0.0207
2024,dutch_grand_prix,SAR,MEDIUM 22 → HARD 49,MEDIUM→HARD,1,71,0,1,5420.968,5405.747,-15.221,-0.002807801115963305,54,0.0234
2024,dutch_grand_prix,STR,MEDIUM 30 → HARD 41,MEDIUM→HARD,1,71,0,1,5380.528,5368.061,-12.467,-0.0023170588462692963,64,0.0215
2024,dutch_grand_prix,TSU,SOFT 14 → MEDIUM 18 → HARD 39,SOFT→MEDIUM→HARD,2,71,0,2,5423.787,5397.792,-25.995,-0.004792776707492867,31,0.0226
2024,dutch_grand_prix,VER,MEDIUM 27 → HARD 45,MEDIUM→HARD,1,72,0,1,5388.5,5402.072,13.572,0.0025186972255731702,67,0.0198
2024,emilia_romagna_grand_prix,ALO,SOFT 7 → HARD 33 → MEDIUM 19 → SOFT 3,SOFT→HARD→MEDIUM→SOFT,3,62,0,3,5106.728,5116.696,9.968,0.0019519347809397595,35,0.0198
2024,emilia_romagna_grand_prix,BOT,MEDIUM 8 → HARD 54,MEDIUM→HARD,1,62,0,1,5089.322,5082.448,-6.874,-0.0013506710717065644,43,0.0203
2024,emilia_romagna_grand_prix,GAS,SOFT 8 → HARD 22 → MEDIUM 32,SOFT→HARD→MEDIUM,2,62,0,2,5083.598,5075.406,-8.192,-0.0016114570821687908,49,0.0196
2024,emilia_romagna_grand_prix,HAM,MEDIUM 27 → HARD 36,MEDIUM→HARD,1,63,0,1,5073.245,5071.548,-1.697,-0.00033449991080679645,61,0.0205
2024,emilia_romagna_grand_prix,HUL,MEDIUM 13 → HARD 49,MEDIUM→HARD,1,62,0,1,5062.781,5096.365,33.584,0.00663350834254925,60,0.0212
2024,emilia_romagna_grand_prix,LEC,MEDIUM 25 → HARD 38,MEDIUM→HARD,1,63,0,1,5048.588,5066.835,18.247,0.0036142778931452665,60,0.0198
2024,emilia_romagna_grand_prix,MAG,MEDIUM 37 → HARD 25,MEDIUM→HARD,1,62,0,1,5059.795,5075.893,16.098,0.0031815518217635213,28,0.0199
2024,emilia_romagna_grand_prix,NOR,MEDIUM 22 → HARD 41,MEDIUM→HARD,1,63,0,1,5042.213,5046.073,3.86,0.0007655368783514922,33,0.0179
2024,emilia_romagna_grand_prix,OCO,MEDIUM 25 → HARD 37,MEDIUM→HARD,1,62,0,1,5079.21,5049.009,-30.201,-0.005946003413916914,15,0.019
2024,emilia_romagna_grand_prix,PER,HARD 37 → MEDIUM 26,HARD→MEDIUM,1,63,0,1,5091.253,5050.659,-40.594,-0.007973282804841426,15,0.0192
2024,emilia_romagna_grand_prix,PIA,MEDIUM 23 → HARD 40,MEDIUM→HARD,1,63,0,1,5053.658,5059.41,5.752,0.0011381854490353953,60,0.0198
2024,emilia_romagna_grand_prix,RIC,MEDIUM 11 → HARD 51,MEDIUM→HARD,1,62,0,1,5063.562,5031.111,-32.451,-0.006408729665006573,19,0.0174
2024,emilia_romagna_grand_prix,RUS,MEDIUM 21 → HARD 31 → MEDIUM 11,MEDIUM→HARD→MEDIUM,2,63,0,2,5085.908,5078.341,-7.567,-0.0014878365868989027,25,0.0194
2024,emilia_romagna_grand_prix,SAI,MEDIUM 27 → HARD 36,MEDIUM→HARD,1,63,0,1,5062.428,5065.12,2.692,0.0005317606492382364,34,0.0181
2024,emilia_romagna_grand_prix,SAR,HARD 31 → MEDIUM 31,HARD→MEDIUM,1,62,0,1,5083.227,5077.306,-5.921,-0.0011648112508057119,25,0.0206
2024,emilia_romagna_grand_prix,STR,MEDIUM 37 → HARD 26,MEDIUM→HARD,1,63,0,1,5114.333,5093.18,-21.153,-0.004136023211628836,12,0.0184
2024,emilia_romagna_grand_prix,TSU,MEDIUM 12 → HARD 50,MEDIUM→HARD,1,62,0,1,5054.852,5045.276,-9.576,-0.0018944174824501692,44,0.0189
2024,emilia_romagna_grand_prix,VER,MEDIUM 24 → HARD 39,MEDIUM→HARD,1,63,0,1,5042.371,4996.828,-45.543,-0.009032060512801983,8,0.0167
2024,emilia_romagna_grand_prix,ZHO,HARD 33 → MEDIUM 29,HARD→MEDIUM,1,62,0,1,5077.404,5136.637,59.233,0.011666000972150188,36,0.0198
2024,hungarian_grand_prix,ALB,SOFT 6 → HARD 23 → HARD 40,SOFT→HARD→HARD,2,69,0,2,5825.518,5754.822,-70.696,-0.012135573179930078,8,0.0245
2024,hungarian_grand_prix,ALO,SOFT 7 → MEDIUM 30 → HARD 33,SOFT→MEDIUM→HARD,2,70,0,2,5872.573,5876.797,4.224,0.0007192758608533686,48,0.0301
2024,hungarian_grand_prix,BOT,MEDIUM 16 → HARD 29 → HARD 24,MEDIUM→HARD→HARD,2,69,0,2,5831.968,5805.888,-26.08,-0.004471903823889437,41,0.0294
2024,hungarian_grand_prix,HAM,MEDIUM 16 → HARD 24 → HARD 30,MEDIUM→HARD→HARD,2,70,0,2,5806.628,5825.266,18.638,0.003209780271785638,51,0.0288
2024,hungarian_grand_prix,HUL,MEDIUM 2 → HARD 27 → HARD 40,MEDIUM→HARD→HARD,2,69,0,2,5819.252,5804.76,-14.492,-0.0024903544304319854,40,0.0287
2024,hungarian_grand_prix,LEC,MEDIUM 23 → HARD 17 → MEDIUM 30,MEDIUM→HARD→MEDIUM,2,70,0,2,5810.457,5778.955,-31.502,-0.005421604531278763,25,0.0259
2024,hungarian_grand_prix,MAG,SOFT 6 → HARD 28 → HARD 35,SOFT→HARD→HARD,2,69,0,2,5833.454,5801.082,-32.372,-0.0055493709215847275,45,0.0304
2024,hungarian_grand_prix,NOR,MEDIUM 17 → HARD 28 → MEDIUM 25,MEDIUM→HARD→MEDIUM,2,70,0,2,5794.741,5733.092,-61.649,-0.010638784373624194,28,0.0289
2024,hungarian_grand_prix,OCO,MEDIUM 6 → HARD 24 → HARD 34 → SOFT 5,MEDIUM→HARD→HARD→SOFT,3,69,0,3,5846.507,5845.894,-0.613,-0.00010484892945469398,55,0.0307
2024,hungarian_grand_prix,PER,HARD 28 → MEDIUM 19 → MEDIUM 23,HARD→MEDIUM→MEDIUM,2,70,0,2,5824.34,5784.867,-39.473,-0.0067772485809558655,62,0.0323
2024,hungarian_grand_prix,PIA,MEDIUM 18 → HARD 29 → MEDIUM 23,MEDIUM→HARD→MEDIUM,2,70,0,2,5795.243,5767.615,-27.628,-0.004767358331652306,22,0.0271
2024,hungarian_grand_prix,RIC,MEDIUM 7 → HARD 21 → HARD 41,MEDIUM→HARD→HARD,2,69,0,2,5805.584,5756.2,-49.384,-0.008506293251462266,46,0.0286
2024,hungarian_grand_prix,RUS,HARD 33 → MEDIUM 20 → HARD 17,HARD→MEDIUM→HARD,2,70,0,2,5827.442,5777.993,-49.449,-0.008485541340437283,49,0.0311
2024,hungarian_grand_prix,SAI,MEDIUM 21 → HARD 26 → MEDIUM 23,MEDIUM→HARD→MEDIUM,2,70,0,2,5812.695,5813.007,0.312,5.3675618624859316e-05,41,0.0299
2024,hungarian_grand_prix,SAR,MEDIUM 8 → HARD 25 → HARD 30 → SOFT 6,MEDIUM→HARD→HARD→SOFT,3,69,0,3,5836.957,5752.207,-84.75,-0.01451955188294159,68,0.0293
2024,hungarian_grand_prix,STR,SOFT 14 → MEDIUM 31 → HARD 25,SOFT→MEDIUM→HARD,2,70,0,2,5867.145,5865.618,-1.527,-0.0002602628706125455,66,0.0324
2024,hungarian_grand_prix,TSU,MEDIUM 29 → HARD 41,MEDIUM→HARD,1,70,0,1,5864.202,5843.562,-20.64,-0.0035196604755431747,46,0.0253
2024,hungarian_grand_prix,VER,MEDIUM 21 → HARD 28 → MEDIUM 21,MEDIUM→HARD→MEDIUM,2,70,0,2,5815.002,5779.913,-35.089,-0.0060342197646712165,43,0.0302
2024,hungarian_grand_prix,ZHO,MEDIUM 7 → HARD 29 → HARD 33,MEDIUM→HARD→HARD,2,69,0,2,5847.624,5778.681,-68.943,-0.01178991672515215,9,0.0218
2024,italian_grand_prix,ALB,MEDIUM 17 → HARD 36,MEDIUM→HARD,1,53,0,1,4456.218,4448.568,-7.65,-0.001716702369587558,27,0.0243
2024,italian_grand_prix,ALO,MEDIUM 12 → HARD 23 → HARD 18,MEDIUM→HARD→HARD,2,53,0,2,4456.811,4460.557,3.746,0.0008405112983248055,29,0.0259
2024,italian_grand_prix,BOT,HARD 33 → MEDIUM 19,HARD→MEDIUM,1,52,0,1,4411.563,4464.419,52.856,0.011981241115676878,42,0.0261
2024,italian_grand_prix,COL,MEDIUM 16 → HARD 37,MEDIUM→HARD,1,53,0,1,4466.15,4469.566,3.416,0.0007648645925465977,45,0.0272
2024,italian_grand_prix,GAS,MEDIUM 10 → HARD 20 → HARD 22,MEDIUM→HARD→HARD,2,52,0,2,4404.198,4390.679,-13.519,-0.00306957134988012,15,0.0247
2024,italian_grand_prix,HAM,MEDIUM 15 → HARD 22 → HARD 16,MEDIUM→HARD→HARD,2,53,0,2,4413.873,4386.104,-27.769,-0.006291300180136841,43,0.0265
2024,italian_grand_prix,HUL,MEDIUM 5 → HARD 27 → HARD 20,MEDIUM→HARD→HARD,2,52,0,2,4416.078,4386.279,-29.799,-0.006747842769081314,31,0.0263
2024,italian_grand_prix,LEC,MEDIUM 15 → HARD 38,MEDIUM→HARD,1,53,0,1,4392.548,4422.328,29.78,0.006779664103841267,51,0.0283
2024,italian_grand_prix,MAG,MEDIUM 14 → HARD 39,MEDIUM→HARD,1,53,0,1,4445.098,4419.434,-25.664,-0.0057735509993252915,36,0.0259
2024,italian_grand_prix,NOR,MEDIUM 14 → HARD 18 → HARD 21,MEDIUM→HARD→HARD,2,53,0,2,4397.909,4381.671,-16.238,-0.003692209183955233,44,0.0259
2024,italian_grand_prix,OCO,HARD 31 → MEDIUM 21,HARD→MEDIUM,1,52,0,1,4397.954,4405.47,7.516,0.0017089764922508357,30,0.0257
2024,italian_grand_prix,PER,HARD 23 → HARD 12 → MEDIUM 18,HARD→HARD→MEDIUM,2,53,0,2,4443.177,4428.996,-14.181,-0.0031916351745608124,26,0.0257
2024,italian_grand_prix,PIA,MEDIUM 16 → HARD 22 → HARD 15,MEDIUM→HARD→HARD,2,53,0,2,4395.768,4392.202,-3.566,-0.0008112348058406886,34,0.0266
2024,italian_grand_prix,RIC,MEDIUM 11 → HARD 42,MEDIUM→HARD,1,53,0,1,4466.075,4441.35,-24.725,-0.0055361810986157564,30,0.0258
2024,italian_grand_prix,RUS,MEDIUM 11 → HARD 22 → HARD 20,MEDIUM→HARD→HARD,2,53,0,2,4428.93,4411.772,-17.158,-0.003874073421796604,43,0.0263
2024,italian_grand_prix,SAI,MEDIUM 19 → HARD 34,MEDIUM→HARD,1,53,0,1,4407.003,4383.326,-23.677,-0.005372585405546304,24,0.0246
2024,italian_grand_prix,STR,HARD 19 → HARD 17 → MEDIUM 14 → SOFT 2,HARD→HARD→MEDIUM→SOFT,3,52,0,3,4428.425,4395.195,-33.23,-0.007503796496496555,11,0.0247
2024,italian_grand_prix,VER,HARD 22 → HARD 19 → MEDIUM 12,HARD→HARD→MEDIUM,2,53,0,2,4428.305,4408.089,-20.216,-0.0045651778727975,39,0.0264
2024,italian_grand_prix,ZHO,MEDIUM 15 → HARD 37,MEDIUM→HARD,1,52,0,1,4424.05,4393.654,-30.396,-0.0068706275923641974,28,0.0257
2024,las_vegas_grand_prix,ALO,SOFT 4 → HARD 20 → HARD 26,SOFT→HARD→HARD,2,50,0,2,4882.341,4880.923,-1.418,-0.0002904344452795441,27,0.0214
2024,las_vegas_grand_prix,BOT,HARD 17 → MEDIUM 18 → HARD 14,HARD→MEDIUM→HARD,2,49,0,2,4822.645,4814.728,-7.917,-0.0016416302672084054,48,0.0241
2024,las_vegas_grand_prix,COL,HARD 16 → MEDIUM 10 → HARD 24,HARD→MEDIUM→HARD,2,50,0,2,4885.517,4840.074,-45.443,-0.009301574429072748,21,0.0218
2024,las_vegas_grand_prix,HAM,MEDIUM 13 → HARD 14 → HARD 23,MEDIUM→HARD→HARD,2,50,0,2,4824.166,4792.103,-32.063,-0.006646330163597585,35,0.0232
2024,las_vegas_grand_prix,HUL,MEDIUM 14 → HARD 19 → HARD 17,MEDIUM→HARD→HARD,2,50,0,2,4877.102,4851.298,-25.804,-0.005290846900474746,23,0.0213
2024,las_vegas_grand_prix,LAW,MEDIUM 11 → HARD 27 → HARD 12,MEDIUM→HARD→HARD,2,50,0,2,4904.582,4894.266,-10.316,-0.0021033392855904546,21,0.0227
2024,las_vegas_grand_prix,LEC,MEDIUM 9 → HARD 22 → HARD 19,MEDIUM→HARD→HARD,2,50,0,2,4836.37,4794.681,-41.689,-0.008619894673070796,20,0.0242
2024,las_vegas_grand_prix,MAG,MEDIUM 17 → HARD 33,MEDIUM→HARD,1,50,0,1,4883.158,4828.609,-54.549,-0.011170844768897131,6,0.0199
2024,las_vegas_grand_prix,NOR,MEDIUM 9 → HARD 21 → HARD 18 → SOFT 2,MEDIUM→HARD→HARD→SOFT,3,50,0,3,4862.562,4877.918,15.356,0.0031580060058873836,32,0.0215
2024,las_vegas_grand_prix,OCO,MEDIUM 11 → MEDIUM 1 → HARD 33 → SOFT 4,MEDIUM→MEDIUM→HARD→SOFT,3,49,0,3,4818.028,4805.018,-13.01,-0.002700274884247105,16,0.0198
2024,las_vegas_grand_prix,PER,HARD 17 → MEDIUM 15 → HARD 18,HARD→MEDIUM→HARD,2,50,0,2,4875.791,4848.076,-27.715,-0.005684205906282536,22,0.0215
2024,las_vegas_grand_prix,PIA,MEDIUM 10 → HARD 15 → HARD 25,MEDIUM→HARD→HARD,2,50,0,2,4868.901,4843.17,-25.731,-0.005284765494307413,35,0.0234
2024,las_vegas_grand_prix,RUS,MEDIUM 12 → HARD 20 → HARD 18,MEDIUM→HARD→HARD,2,50,0,2,4822.702,4819.992,-2.71,-0.0005619256591014824,20,0.0216
2024,las_vegas_grand_prix,SAI,MEDIUM 10 → HARD 18 → HARD 22,MEDIUM→HARD→HARD,2,50,0,2,4833.063,4807.765,-25.298,-0.00523436172878373,35,0.024
2024,las_vegas_grand_prix,STR,MEDIUM 9 → HARD 19 → HARD 22,MEDIUM→HARD→HARD,2,50,0,2,4896.344,4864.279,-32.065,-0.006548763730652644,32,0.0234
2024,las_vegas_grand_prix,TSU,MEDIUM 10 → HARD 19 → HARD 21,MEDIUM→HARD→HARD,2,50,0,2,4881.437,4847.696,-33.741,-0.006912103956273714,21,0.0212
2024,las_vegas_grand_prix,VER,MEDIUM 11 → HARD 16 → HARD 23,MEDIUM→HARD→HARD,2,50,0,2,4836.634,4827.445,-9.189,-0.0018998749957097017,20,0.0209
2024,las_vegas_grand_prix,ZHO,MEDIUM 11 → HARD 23 → HARD 16,MEDIUM→HARD→HARD,2,50,0,2,4889.376,4923.89,34.514,0.007058978487234202,31,0.0251
2024,mexico_city_grand_prix,BOT,HARD 49 → MEDIUM 21,HARD→MEDIUM,1,70,5,1,5327.279,5328.611,1.332,0.00025003383528428394,48,0.0227
2024,mexico_city_grand_prix,COL,HARD 47 → MEDIUM 23,HARD→MEDIUM,1,70,5,1,5313.195,5305.224,-7.971,-0.0015002272643862044,33,0.0219
2024,mexico_city_grand_prix,GAS,MEDIUM 28 → HARD 42,MEDIUM→HARD,1,70,5,1,5307.465,5329.388,21.923,0.004130597187168835,31,0.0207
2024,mexico_city_grand_prix,HAM,MEDIUM 28 → HARD 43,MEDIUM→HARD,1,71,5,1,5335.9,5332.85,-3.05,-0.0005715999175400587,36,0.0213
2024,mexico_city_grand_prix,HUL,MEDIUM 29 → HARD 41,MEDIUM→HARD,1,70,5,1,5292.17,5271.561,-20.609,-0.0038942437601206413,48,0.0227
2024,mexico_city_grand_prix,LAW,HARD 39 → MEDIUM 26 → SOFT 5,HARD→MEDIUM→SOFT,2,70,5,2,5352.849,5335.864,-16.985,-0.0031730766177035545,32,0.0217
2024,mexico_city_grand_prix,LEC,MEDIUM 31 → HARD 38 → SOFT 2,MEDIUM→HARD→SOFT,2,71,5,2,5326.116,5316.414,-9.702,-0.0018215900667577119,49,0.0218
2024,mexico_city_grand_prix,MAG,MEDIUM 30 → HARD 41,MEDIUM→HARD,1,71,5,1,5353.777,5334.207,-19.57,-0.0036553633070628426,49,0.0231
2024,mexico_city_grand_prix,NOR,MEDIUM 30 → HARD 41,MEDIUM→HARD,1,71,5,1,5297.046,5296.007,-1.039,-0.00019614706007800215,35,0.0198
2024,mexico_city_grand_prix,OCO,HARD 48 → MEDIUM 22,HARD→MEDIUM,1,70,5,1,5322.96,5331.234,8.274,0.001554398304703395,43,0.0225
2024,mexico_city_grand_prix,PER,HARD 20 → MEDIUM 23 → MEDIUM 25 → SOFT 2,HARD→MEDIUM→MEDIUM→SOFT,3,70,5,3,5359.427,5310.847,-48.58,-0.009064401847436121,23,0.0212
2024,mexico_city_grand_prix,PIA,MEDIUM 39 → HARD 32,MEDIUM→HARD,1,71,5,1,5348.834,5297.454,-51.38,-0.009605831850455479,61,0.0239
2024,mexico_city_grand_prix,RUS,MEDIUM 31 → HARD 40,MEDIUM→HARD,1,71,5,1,5339.145,5355.605,16.46,0.003082890612635551,60,0.0238
2024,mexico_city_grand_prix,SAI,MEDIUM 32 → HARD 39,MEDIUM→HARD,1,71,5,1,5293.066,5336.687,43.621,0.008241159282729192,35,0.0204
2024,mexico_city_grand_prix,STR,MEDIUM 26 → HARD 44,MEDIUM→HARD,1,70,5,1,5312.676,5349.62,36.944,0.006953934326128757,32,0.0186
2024,mexico_city_grand_prix,VER,MEDIUM 26 → HARD 45,MEDIUM→HARD,1,71,5,1,5353.302,5265.315,-87.987,-0.016436023971746292,7,0.0196
2024,mexico_city_grand_prix,ZHO,HARD 43 → MEDIUM 27,HARD→MEDIUM,1,70,5,1,5346.213,5353.103,6.89,0.0012887627185823548,45,0.0204
2024,monaco_grand_prix,ALB,MEDIUM 1 → HARD 76,MEDIUM→HARD,1,77,1,0,6012.534,5899.815,-112.719,-0.018747336813396968,75,0.0197
2024,monaco_grand_prix,GAS,HARD 1 → MEDIUM 76,HARD→MEDIUM,1,77,1,0,6018.482,5952.933,-65.549,-0.01089128454650207,58,0.0172
2024,monaco_grand_prix,TSU,MEDIUM 1 → HARD 76,MEDIUM→HARD,1,77,1,0,5998.155,5756.138,-242.017,-0.040348573853126776,73,0.0198
2024,singapore_grand_prix,ALO,MEDIUM 25 → HARD 36,MEDIUM→HARD,1,61,0,1,5947.06,5926.187,-20.873,-0.003509801481740641,43,0.0264
2024,singapore_grand_prix,BOT,HARD 33 → MEDIUM 28,HARD→MEDIUM,1,61,0,1,5997.039,5985.492,-11.547,-0.0019254502096785564,21,0.0245
2024,singapore_grand_prix,COL,MEDIUM 29 → HARD 32,MEDIUM→HARD,1,61,0,1,5951.159,5909.602,-41.557,-0.006983009528059656,16,0.0244
2024,singapore_grand_prix,GAS,MEDIUM 37 → SOFT 24,MEDIUM→SOFT,1,61,0,1,5999.649,5928.374,-71.275,-0.011879861638572914,16,0.0243
2024,singapore_grand_prix,HAM,SOFT 17 → HARD 45,SOFT→HARD,1,62,0,1,6035.117,6013.415,-21.702,-0.0035959534835855863,42,0.0262
2024,singapore_grand_prix,HUL,MEDIUM 29 → HARD 32,MEDIUM→HARD,1,61,0,1,5949.988,5981.876,31.888,0.005359338539841807,37,0.0264
2024,singapore_grand_prix,LEC,MEDIUM 36 → HARD 26,MEDIUM→HARD,1,62,0,1,6007.911,5959.603,-48.308,-0.008040731628680913,41,0.0265
2024,singapore_grand_prix,NOR,MEDIUM 30 → HARD 32,MEDIUM→HARD,1,62,0,1,5952.147,5976.006,23.859,0.004008469548887212,34,0.0217
2024,singapore_grand_prix,OCO,MEDIUM 29 → HARD 32,MEDIUM→HARD,1,61,0,1,5986.649,5983.172,-3.477,-0.0005807923597991051,50,0.0265
2024,singapore_grand_prix,PER,MEDIUM 28 → HARD 33,MEDIUM→HARD,1,61,0,1,5949.045,5934.153,-14.892,-0.0025032589264327005,21,0.0247
2024,singapore_grand_prix,PIA,MEDIUM 38 → HARD 24,MEDIUM→HARD,1,62,0,1,5989.126,6028.456,39.33,0.006566901414329893,61,0.0277
2024,singapore_grand_prix,RIC,SOFT 10 → MEDIUM 36 → SOFT 12 → SOFT 3,SOFT→MEDIUM→SOFT→SOFT,3,61,0,3,6031.048,5991.734,-39.314,-0.006518601742185127,40,0.0258
2024,singapore_grand_prix,RUS,MEDIUM 27 → HARD 35,MEDIUM→HARD,1,62,0,1,6009.789,6018.22,8.431,0.0014028778714192248,38,0.026
2024,singapore_grand_prix,SAI,MEDIUM 13 → HARD 49,MEDIUM→HARD,1,62,0,1,6039.109,6023.525,-15.584,-0.002580513118739689,41,0.0261
2024,singapore_grand_prix,STR,HARD 26 → MEDIUM 35,HARD→MEDIUM,1,61,0,1,5987.533,5971.364,-16.169,-0.0027004444067362902,45,0.0258
2024,singapore_grand_prix,TSU,MEDIUM 33 → SOFT 28,MEDIUM→SOFT,1,61,0,1,5952.464,5911.693,-40.771,-0.006849432436718446,43,0.0254
2024,singapore_grand_prix,VER,MEDIUM 29 → HARD 33,MEDIUM→HARD,1,62,0,1,5972.103,5988.838,16.735,0.0028021954745258764,37,0.0228
2024,singapore_grand_prix,ZHO,HARD 34 → MEDIUM 27,HARD→MEDIUM,1,61,0,1,5995.969,6019.154,23.185,0.0038667644879417295,61,0.0274
2024,spanish_grand_prix,ALB,MEDIUM 18 → SOFT 25 → SOFT 22,MEDIUM→SOFT→SOFT,2,65,0,2,5264.456,5209.584,-54.872,-0.010423109244336377,33,0.0299
2024,spanish_grand_prix,ALO,SOFT 19 → MEDIUM 26 → HARD 20,SOFT→MEDIUM→HARD,2,65,0,2,5220.534,5187.737,-32.797,-0.006282307518732677,21,0.025
2024,spanish_grand_prix,BOT,SOFT 11 → SOFT 17 → HARD 37,SOFT→SOFT→HARD,2,65,0,2,5263.539,5317.713,54.174,0.010292314733490317,64,0.03
2024,spanish_grand_prix,GAS,SOFT 14 → MEDIUM 24 → HARD 28,SOFT→MEDIUM→HARD,2,66,0,2,5275.668,5245.583,-30.085,-0.005702595386973147,19,0.0284
2024,spanish_grand_prix,HAM,SOFT 16 → MEDIUM 27 → SOFT 23,SOFT→MEDIUM→SOFT,2,66,0,2,5233.576,5224.628,-8.948,-0.0017097296380141247,55,0.029
2024,spanish_grand_prix,HUL,SOFT 12 → MEDIUM 26 → HARD 28,SOFT→MEDIUM→HARD,2,66,0,2,5286.472,5285.32,-1.152,-0.00021791470757814353,20,0.027
2024,spanish_grand_prix,LEC,SOFT 24 → MEDIUM 23 → SOFT 19,SOFT→MEDIUM→SOFT,2,66,0,2,5237.513,5221.02,-16.493,-0.003149013663545765,38,0.0297
2024,spanish_grand_prix,MAG,SOFT 10 → MEDIUM 19 → HARD 36,SOFT→MEDIUM→HARD,2,65,0,2,5264.382,5186.858,-77.524,-0.01472613499552281,13,0.0269
2024,spanish_grand_prix,NOR,SOFT 23 → MEDIUM 24 → SOFT 19,SOFT→MEDIUM→SOFT,2,66,0,2,5218.493,5191.441,-27.052,-0.005183872048884202,37,0.0296
2024,spanish_grand_prix,OCO,SOFT 13 → MEDIUM 24 → HARD 29,SOFT→MEDIUM→HARD,2,66,0,2,5284.656,5315.233,30.577,0.005785996288121557,65,0.0304
2024,spanish_grand_prix,PER,SOFT 13 → SOFT 18 → MEDIUM 18 → SOFT 17,SOFT→SOFT→MEDIUM→SOFT,3,66,0,3,5271.136,5275.008,3.872,0.0007345665146942495,60,0.03
2024,spanish_grand_prix,PIA,SOFT 21 → MEDIUM 25 → SOFT 20,SOFT→MEDIUM→SOFT,2,66,0,2,5246.914,5224.755,-22.159,-0.004223244368022737,25,0.0259
2024,spanish_grand_prix,RIC,SOFT 16 → MEDIUM 26 → HARD 23,SOFT→MEDIUM→HARD,2,65,0,2,5252.526,5232.114,-20.412,-0.0038861302162040774,26,0.028
2024,spanish_grand_prix,RUS,SOFT 15 → MEDIUM 21 → HARD 30,SOFT→MEDIUM→HARD,2,66,0,2,5239.979,5220.123,-19.856,-0.0037893281633387074,30,0.0301
2024,spanish_grand_prix,SAI,SOFT 15 → MEDIUM 21 → HARD 30,SOFT→MEDIUM→HARD,2,66,0,2,5245.17,5261.7,16.53,0.0031514707816903613,61,0.0323
2024,spanish_grand_prix,STR,SOFT 17 → MEDIUM 20 → HARD 28,SOFT→MEDIUM→HARD,2,65,0,2,5235.873,5267.561,31.688,0.006052094846456028,42,0.0291
2024,spanish_grand_prix,TSU,SOFT 9 → MEDIUM 18 → HARD 17 → SOFT 21,SOFT→MEDIUM→HARD→SOFT,3,65,0,3,5273.807,5226.179,-47.628,-0.009031047211246012,21,0.0274
2024,spanish_grand_prix,VER,SOFT 17 → MEDIUM 27 → SOFT 22,SOFT→MEDIUM→SOFT,2,66,0,2,5217.041,5212.672,-4.369,-0.0008374478943138032,22,0.0257
2024,spanish_grand_prix,ZHO,SOFT 9 → MEDIUM 32 → HARD 24,SOFT→MEDIUM→HARD,2,65,0,2,5224.651,5277.69,53.039,0.01015168285881639,57,0.0276
2025,abu_dhabi_grand_prix,ALB,SOFT 8 → HARD 25 → MEDIUM 25,SOFT→HARD→MEDIUM,2,58,0,2,5153.039,5165.0,11.961,0.002321154565296369,55,0.0302
2025,abu_dhabi_grand_prix,ALO,MEDIUM 16 → HARD 42,MEDIUM→HARD,1,58,0,1,5140.051,5138.171,-1.88,-0.0003657551257760106,46,0.0272
2025,abu_dhabi_grand_prix,ANT,HARD 32 → MEDIUM 26,HARD→MEDIUM,1,58,0,1,5151.142,5097.607,-53.535,-0.010392841043791987,35,0.0251
2025,abu_dhabi_grand_prix,BEA,MEDIUM 14 → HARD 44,MEDIUM→HARD,1,58,0,1,5145.244,5107.264,-37.98,-0.00738157412942843,16,0.0238
2025,abu_dhabi_grand_prix,BOR,MEDIUM 15 → HARD 43,MEDIUM→HARD,1,58,0,1,5152.571,5212.673,60.102,0.011664468087872646,55,0.0305
2025,abu_dhabi_grand_prix,COL,MEDIUM 15 → HARD 25 → MEDIUM 17,MEDIUM→HARD→MEDIUM,2,57,0,2,5079.795,5073.519,-6.276,-0.0012354829279525908,54,0.0279
2025,abu_dhabi_grand_prix,GAS,MEDIUM 13 → HARD 27 → MEDIUM 17,MEDIUM→HARD→MEDIUM,2,57,0,2,5073.096,5056.704,-16.392,-0.003231162982132124,26,0.0266
2025,abu_dhabi_grand_prix,HAD,MEDIUM 14 → HARD 43,MEDIUM→HARD,1,57,0,1,5072.135,5071.05,-1.085,-0.00021391386467417106,40,0.0284
2025,abu_dhabi_grand_prix,HAM,SOFT 8 → HARD 23 → MEDIUM 27,SOFT→HARD→MEDIUM,2,58,0,2,5140.804,5083.906,-56.898,-0.011067918559042366,11,0.024
2025,abu_dhabi_grand_prix,HUL,SOFT 7 → HARD 35 → MEDIUM 16,SOFT→HARD→MEDIUM,2,58,0,2,5145.496,5072.397,-73.099,-0.014206404980199839,44,0.0251
2025,abu_dhabi_grand_prix,LAW,MEDIUM 21 → HARD 36,MEDIUM→HARD,1,57,0,1,5074.099,5037.419,-36.68,-0.007228869598327132,26,0.026
2025,abu_dhabi_grand_prix,LEC,MEDIUM 16 → HARD 23 → MEDIUM 19,MEDIUM→HARD→MEDIUM,2,58,0,2,5096.124,5130.623,34.499,0.006769654741525445,57,0.0281
2025,abu_dhabi_grand_prix,NOR,MEDIUM 16 → HARD 24 → HARD 18,MEDIUM→HARD→HARD,2,58,0,2,5090.089,5051.573,-38.516,-0.0075668617975051975,27,0.0256
2025,abu_dhabi_grand_prix,OCO,MEDIUM 19 → HARD 39,MEDIUM→HARD,1,58,0,1,5140.275,5134.934,-5.341,-0.001039049467198542,55,0.0288
2025,abu_dhabi_grand_prix,PIA,HARD 41 → MEDIUM 17,HARD→MEDIUM,1,58,0,1,5087.157,5072.761,-14.396,-0.002829871380025801,29,0.0279
2025,abu_dhabi_grand_prix,RUS,MEDIUM 14 → HARD 44,MEDIUM→HARD,1,58,0,1,5120.579,5095.842,-24.737,-0.004830899005757159,31,0.0276
2025,abu_dhabi_grand_prix,SAI,MEDIUM 18 → HARD 40,MEDIUM→HARD,1,58,0,1,5150.617,5125.806,-24.811,-0.004817092787135753,23,0.0241
2025,abu_dhabi_grand_prix,STR,HARD 42 → MEDIUM 16,HARD→MEDIUM,1,58,0,1,5141.682,5137.588,-4.094,-0.0007962374958237148,31,0.0276
2025,abu_dhabi_grand_prix,TSU,HARD 32 → MEDIUM 26,HARD→MEDIUM,1,58,0,1,5153.696,5212.018,58.322,0.011316538654976959,57,0.0328
2025,abu_dhabi_grand_prix,VER,MEDIUM 23 → HARD 35,MEDIUM→HARD,1,58,0,1,5075.792,5072.446,-3.346,-0.0006592074694943269,27,0.0244
2025,austrian_grand_prix,ALO,MEDIUM 33 → HARD 36,MEDIUM→HARD,1,69,2,1,4708.968,4743.925,34.957,0.007423494914384322,54,0.0197
2025,austrian_grand_prix,BEA,SOFT 11 → HARD 28 → MEDIUM 30,SOFT→HARD→MEDIUM,2,69,2,2,4731.756,4703.165,-28.591,-0.0060423656672071125,14,0.0162
2025,austrian_grand_prix,BOR,MEDIUM 21 → MEDIUM 28 → HARD 20,MEDIUM→MEDIUM→HARD,2,69,2,2,4710.329,4712.522,2.193,0.00046557257465440347,30,0.0176
2025,austrian_grand_prix,COL,SOFT 13 → MEDIUM 26 → HARD 30,SOFT→MEDIUM→HARD,2,69,2,2,4744.917,4733.56,-11.357,-0.002393508674651013,47,0.0182
2025,austrian_grand_prix,GAS,SOFT 12 → HARD 26 → MEDIUM 31,SOFT→HARD→MEDIUM,2,69,2,2,4742.125,4763.085,20.96,0.004419959406384468,69,0.0178
2025,austrian_grand_prix,HAD,SOFT 2 → MEDIUM 26 → HARD 41,SOFT→MEDIUM→HARD,2,69,2,1,4732.257,4739.749,7.492,0.0015831769069178177,64,0.0195
2025,austrian_grand_prix,HAM,MEDIUM 26 → HARD 24 → MEDIUM 20,MEDIUM→HARD→MEDIUM,2,70,2,2,4738.92,4741.245,2.325,0.0004906181155199536,35,0.017
2025,austrian_grand_prix,HUL,SOFT 12 → MEDIUM 30 → MEDIUM 27,SOFT→MEDIUM→MEDIUM,2,69,2,2,4712.508,4698.729,-13.779,-0.0029239207657577536,34,0.0165
2025,austrian_grand_prix,LAW,MEDIUM 32 → HARD 38,MEDIUM→HARD,1,70,2,1,4775.714,4760.488,-15.226,-0.00318821436962089,44,0.0172
2025,austrian_grand_prix,LEC,MEDIUM 25 → HARD 24 → MEDIUM 21,MEDIUM→HARD→MEDIUM,2,70,2,2,4730.186,4722.072,-8.114,-0.0017153659496685057,33,0.0172
2025,austrian_grand_prix,NOR,MEDIUM 20 → HARD 32 → MEDIUM 18,MEDIUM→HARD→MEDIUM,2,70,2,2,4711.384,4694.636,-16.748,-0.0035547940902288335,44,0.0182
2025,austrian_grand_prix,OCO,MEDIUM 19 → HARD 31 → HARD 19,MEDIUM→HARD→HARD,2,69,2,2,4715.952,4703.027,-12.925,-0.0027406979545167706,22,0.0154
2025,austrian_grand_prix,PIA,MEDIUM 24 → HARD 29 → MEDIUM 17,MEDIUM→HARD→MEDIUM,2,70,2,2,4713.537,4703.903,-9.634,-0.002043900366115724,32,0.0179
2025,austrian_grand_prix,RUS,MEDIUM 18 → MEDIUM 27 → HARD 25,MEDIUM→MEDIUM→HARD,2,70,2,2,4771.915,4759.433,-12.482,-0.0026157213613396814,43,0.0198
2025,austrian_grand_prix,STR,MEDIUM 26 → HARD 27 → SOFT 16,MEDIUM→HARD→SOFT,2,69,2,2,4740.873,4726.766,-14.107,-0.002975612297566477,40,0.0191
2025,bahrain_grand_prix,BEA,SOFT 14 → HARD 18 → SOFT 25,SOFT→HARD→SOFT,2,57,4,1,5154.651,5138.738,-15.913,-0.00308711491815794,22,0.0205
2025,bahrain_grand_prix,DOO,SOFT 9 → MEDIUM 19 → HARD 29,SOFT→MEDIUM→HARD,2,57,4,2,5174.589,5110.077,-64.512,-0.012467077095398599,31,0.0213
2025,bahrain_grand_prix,GAS,SOFT 10 → MEDIUM 18 → HARD 29,SOFT→MEDIUM→HARD,2,57,4,2,5150.554,5186.305,35.751,0.006941195063676154,56,0.024
2025,bahrain_grand_prix,HAD,SOFT 6 → MEDIUM 22 → HARD 29,SOFT→MEDIUM→HARD,2,57,4,2,5183.9,5149.022,-34.878,-0.006728139045891508,9,0.019
2025,bahrain_grand_prix,HUL,SOFT 5 → MEDIUM 22 → MEDIUM 30,SOFT→MEDIUM→MEDIUM,2,57,4,2,5184.215,5184.487,0.272,5.246695980007283e-05,19,0.0199
2025,bahrain_grand_prix,OCO,SOFT 8 → MEDIUM 19 → HARD 30,SOFT→MEDIUM→HARD,2,57,4,2,5158.972,5144.61,-14.362,-0.0027838879528714225,18,0.0204
2025,bahrain_grand_prix,VER,SOFT 10 → HARD 16 → MEDIUM 31,SOFT→HARD→MEDIUM,2,57,4,2,5153.746,5121.104,-32.642,-0.006333645468752386,2,0.0194
2025,canadian_grand_prix,ANT,MEDIUM 14 → HARD 24 → HARD 29 → HARD 1 → HARD 1 → HARD 1,MEDIUM→HARD→HARD→HARD→HARD→HARD,5,70,4,2,4952.831,4950.963,-1.868,-0.00037715803345591306,21,0.0206
2025,canadian_grand_prix,BEA,MEDIUM 18 → HARD 48 → SOFT 1 → SOFT 1 → SOFT 1,MEDIUM→HARD→SOFT→SOFT→SOFT,4,69,4,1,4961.482,4926.827,-34.655,-0.006984808168203982,60,0.0222
2025,canadian_grand_prix,BOR,HARD 49 → MEDIUM 17 → MEDIUM 1 → MEDIUM 1 → MEDIUM 1,HARD→MEDIUM→MEDIUM→MEDIUM→MEDIUM,4,69,4,1,4971.679,4965.631,-6.048,-0.001216490445179358,36,0.0208
2025,canadian_grand_prix,COL,MEDIUM 14 → HARD 52 → HARD 1 → HARD 1 → HARD 1,MEDIUM→HARD→HARD→HARD→HARD,4,69,4,1,4971.588,4983.094,11.506,0.002314351068511957,17,0.0198
2025,canadian_grand_prix,GAS,HARD 53 → MEDIUM 13 → MEDIUM 1 → MEDIUM 1 → MEDIUM 1,HARD→MEDIUM→MEDIUM→MEDIUM→MEDIUM,4,69,4,1,4968.679,4929.601,-39.078,-0.007864867100491345,58,0.0209
2025,canadian_grand_prix,HAD,MEDIUM 13 → HARD 53 → SOFT 1 → SOFT 1 → SOFT 1,MEDIUM→HARD→SOFT→SOFT→SOFT,4,69,4,1,4975.025,4976.565,1.54,0.000309546183184819,15,0.0201
2025,canadian_grand_prix,HAM,MEDIUM 15 → HARD 30 → HARD 22 → HARD 1 → HARD 1 → HARD 1,MEDIUM→HARD→HARD→HARD→HARD→HARD,5,70,5,2,4916.475,4886.112,-30.363,-0.006175766173935837,37,0.0212
2025,canadian_grand_prix,HUL,MEDIUM 19 → HARD 47 → HARD 1 → HARD 1 → HARD 1 → HARD 1,MEDIUM→HARD→HARD→HARD→HARD→HARD,5,70,5,1,4941.315,4923.729,-17.586,-0.0035589716502595066,38,0.0212
2025,canadian_grand_prix,LEC,HARD 28 → HARD 25 → MEDIUM 14 → MEDIUM 1 → MEDIUM 1 → MEDIUM 1,HARD→HARD→MEDIUM→MEDIUM→MEDIUM→MEDIUM,5,70,4,2,4968.565,4931.719,-36.846,-0.007415823280966805,17,0.0204
2025,canadian_grand_prix,OCO,HARD 57 → MEDIUM 9 → MEDIUM 1 → MEDIUM 1 → MEDIUM 1,HARD→MEDIUM→MEDIUM→MEDIUM→MEDIUM,4,69,4,1,4951.734,4952.929,1.195,0.00024132960292232584,50,0.0216
2025,canadian_grand_prix,PIA,MEDIUM 16 → HARD 29 → HARD 22 → SOFT 1 → SOFT 1 → SOFT 1,MEDIUM→HARD→HARD→SOFT→SOFT→SOFT,5,70,4,2,4953.454,4961.123,7.669,0.0015482126209312936,21,0.0205
2025,canadian_grand_prix,RUS,MEDIUM 13 → HARD 29 → HARD 25 → HARD 1 → HARD 1 → HARD 1,MEDIUM→HARD→HARD→HARD→HARD→HARD,5,70,4,2,4949.214,4944.435,-4.779,-0.0009656078722798659,40,0.0215
2025,canadian_grand_prix,SAI,HARD 57 → MEDIUM 9 → MEDIUM 1 → MEDIUM 1 → MEDIUM 1,HARD→MEDIUM→MEDIUM→MEDIUM→MEDIUM,4,69,4,1,4951.778,4938.288,-13.49,-0.0027242739880506753,42,0.0213
2025,canadian_grand_prix,STR,HARD 24 → HARD 27 → MEDIUM 15 → SOFT 1 → SOFT 1 → SOFT 1,HARD→HARD→MEDIUM→SOFT→SOFT→SOFT,5,69,4,2,4973.491,4935.387,-38.104,-0.007661419312913075,31,0.0208
2025,canadian_grand_prix,TSU,HARD 56 → MEDIUM 10 → MEDIUM 1 → MEDIUM 1 → MEDIUM 1,HARD→MEDIUM→MEDIUM→MEDIUM→MEDIUM,4,69,4,1,4968.116,4961.195,-6.921,-0.0013930834143159193,39,0.0211
2025,canadian_grand_prix,VER,MEDIUM 12 → HARD 25 → HARD 30 → HARD 1 → HARD 1 → HARD 1,MEDIUM→HARD→HARD→HARD→HARD→HARD,5,70,4,2,4951.185,4971.896,20.711,0.004183039009852877,39,0.021
2025,chinese_grand_prix,ALB,MEDIUM 20 → HARD 36,MEDIUM→HARD,1,56,0,1,5406.074,5417.254,11.18,0.0020680442036126777,30,0.0248
2025,chinese_grand_prix,ANT,MEDIUM 12 → HARD 44,MEDIUM→HARD,1,56,0,1,5405.766,5390.675,-15.091,-0.002791648769110173,30,0.0275
2025,chinese_grand_prix,BEA,HARD 26 → MEDIUM 30,HARD→MEDIUM,1,56,0,1,5408.642,5379.777,-28.865,-0.005336829466620232,50,0.0249
2025,chinese_grand_prix,BOR,MEDIUM 1 → HARD 25 → HARD 29,MEDIUM→HARD→HARD,2,55,0,1,5342.125,5321.218,-20.907,-0.003913611156608886,46,0.028
2025,chinese_grand_prix,DOO,MEDIUM 11 → HARD 45,MEDIUM→HARD,1,56,0,1,5425.523,5408.394,-17.129,-0.00315711499149431,36,0.0276
2025,chinese_grand_prix,GAS,MEDIUM 10 → HARD 46,MEDIUM→HARD,1,56,0,1,5416.181,5385.156,-31.025,-0.005728205907447364,35,0.0281
2025,chinese_grand_prix,HAD,MEDIUM 12 → HARD 21 → HARD 23,MEDIUM→HARD→HARD,2,56,0,2,5429.705,5356.317,-73.388,-0.013516019746928816,35,0.0225
2025,chinese_grand_prix,HAM,MEDIUM 13 → HARD 24 → HARD 19,MEDIUM→HARD→HARD,2,56,0,2,5379.615,5367.485,-12.13,-0.0022548081972407316,32,0.0276
2025,chinese_grand_prix,HUL,MEDIUM 20 → HARD 35,MEDIUM→HARD,1,55,0,1,5365.357,5338.133,-27.224,-0.005074033284271362,30,0.0271
2025,chinese_grand_prix,LAW,HARD 18 → MEDIUM 12 → HARD 26,HARD→MEDIUM→HARD,2,56,0,2,5427.245,5393.408,-33.837,-0.00623465496766784,38,0.0268
2025,chinese_grand_prix,LEC,MEDIUM 15 → HARD 41,MEDIUM→HARD,1,56,0,1,5376.474,5382.252,5.778,0.0010746820313832705,52,0.0277
2025,chinese_grand_prix,NOR,MEDIUM 15 → HARD 41,MEDIUM→HARD,1,56,0,1,5365.506,5366.266,0.76,0.00014164554098011214,44,0.0262
2025,chinese_grand_prix,OCO,MEDIUM 11 → HARD 45,MEDIUM→HARD,1,56,0,1,5400.164,5392.092,-8.072,-0.0014947694181141578,44,0.0264
2025,chinese_grand_prix,PIA,MEDIUM 14 → HARD 42,MEDIUM→HARD,1,56,0,1,5356.682,5340.28,-16.402,-0.0030619700777457268,30,0.0251
2025,chinese_grand_prix,RUS,MEDIUM 14 → HARD 42,MEDIUM→HARD,1,56,0,1,5365.841,5341.35,-24.491,-0.004564242585644836,35,0.0255
2025,chinese_grand_prix,SAI,MEDIUM 17 → HARD 39,MEDIUM→HARD,1,56,0,1,5424.101,5385.209,-38.892,-0.007170220466027928,38,0.0254
2025,chinese_grand_prix,STR,HARD 36 → MEDIUM 20,HARD→MEDIUM,1,56,0,1,5418.584,5410.748,-7.836,-0.0014461342668120175,31,0.0272
2025,chinese_grand_prix,TSU,MEDIUM 11 → HARD 24 → HARD 11 → MEDIUM 9,MEDIUM→HARD→HARD→MEDIUM,3,55,0,3,5374.881,5349.942,-24.939,-0.00463991667908594,18,0.0231
2025,chinese_grand_prix,VER,MEDIUM 13 → HARD 43,MEDIUM→HARD,1,56,0,1,5369.433,5363.423,-6.01,-0.001119298816094437,32,0.0262
2025,hungarian_grand_prix,ALB,SOFT 14 → MEDIUM 24 → HARD 31,SOFT→MEDIUM→HARD,2,69,0,2,5663.342,5622.92,-40.422,-0.007137481720157226,22,0.0242
2025,hungarian_grand_prix,ALO,MEDIUM 39 → HARD 31,MEDIUM→HARD,1,70,0,1,5690.732,5704.583,13.851,0.002433957529541595,63,0.024
2025,hungarian_grand_prix,ANT,MEDIUM 21 → HARD 48,MEDIUM→HARD,1,69,0,1,5634.465,5557.909,-76.556,-0.013587093007055932,23,0.0226
2025,hungarian_grand_prix,BOR,MEDIUM 40 → HARD 30,MEDIUM→HARD,1,70,0,1,5696.665,5679.187,-17.478,-0.0030681109034844515,65,0.0248
2025,hungarian_grand_prix,COL,MEDIUM 13 → HARD 22 → HARD 34,MEDIUM→HARD→HARD,2,69,0,2,5671.615,5643.898,-27.717,-0.004886967821335098,52,0.0265
2025,hungarian_grand_prix,GAS,HARD 32 → MEDIUM 37,HARD→MEDIUM,1,69,0,1,5670.365,5646.573,-23.792,-0.004195849826245979,38,0.0233
2025,hungarian_grand_prix,HAD,MEDIUM 33 → HARD 36,MEDIUM→HARD,1,69,0,1,5636.254,5674.953,38.699,0.006866085169333384,42,0.026
2025,hungarian_grand_prix,HAM,HARD 42 → MEDIUM 27,HARD→MEDIUM,1,69,0,1,5636.104,5586.639,-49.465,-0.008776452670142057,45,0.0229
2025,hungarian_grand_prix,HUL,SOFT 5 → MEDIUM 36 → MEDIUM 28,SOFT→MEDIUM→MEDIUM,2,69,0,2,5656.195,5591.482,-64.713,-0.011441083626006163,12,0.0191
2025,hungarian_grand_prix,LAW,MEDIUM 40 → HARD 30,MEDIUM→HARD,1,70,0,1,5698.787,5665.784,-33.003,-0.0057912324148977476,47,0.0228
2025,hungarian_grand_prix,LEC,MEDIUM 19 → HARD 21 → HARD 30,MEDIUM→HARD→HARD,2,70,0,2,5671.397,5743.392,71.995,0.012694403160279378,67,0.0275
2025,hungarian_grand_prix,NOR,MEDIUM 31 → HARD 39,MEDIUM→HARD,1,70,0,1,5631.111,5600.841,-30.27,-0.005375493397306738,39,0.0224
2025,hungarian_grand_prix,OCO,MEDIUM 14 → HARD 55,MEDIUM→HARD,1,69,0,1,5671.093,5624.905,-46.188,-0.008144461746615225,47,0.0257
2025,hungarian_grand_prix,PIA,MEDIUM 18 → HARD 27 → HARD 25,MEDIUM→HARD→HARD,2,70,0,2,5633.909,5629.575,-4.334,-0.0007692705011740382,11,0.0225
2025,hungarian_grand_prix,RUS,MEDIUM 19 → HARD 24 → HARD 27,MEDIUM→HARD→HARD,2,70,0,2,5654.645,5638.346,-16.299,-0.002882409063698955,33,0.0257
2025,hungarian_grand_prix,SAI,SOFT 15 → HARD 36 → MEDIUM 18,SOFT→HARD→MEDIUM,2,69,0,2,5660.603,5622.449,-38.154,-0.0067402713103180785,22,0.0235
2025,hungarian_grand_prix,STR,MEDIUM 36 → HARD 34,MEDIUM→HARD,1,70,0,1,5698.098,5674.276,-23.822,-0.004180693276949309,46,0.0223
2025,hungarian_grand_prix,TSU,MEDIUM 20 → SOFT 17 → HARD 32,MEDIUM→SOFT→HARD,2,69,0,2,5670.437,5653.198,-17.239,-0.003040153695385629,62,0.0272
2025,hungarian_grand_prix,VER,MEDIUM 17 → HARD 31 → HARD 22,MEDIUM→HARD→HARD,2,70,0,2,5701.508,5679.328,-22.18,-0.0038901988737016944,43,0.0263
2025,italian_grand_prix,ALB,HARD 41 → MEDIUM 12,HARD→MEDIUM,1,53,0,1,4362.011,4337.063,-24.948,-0.0057193803500264935,39,0.0205
2025,italian_grand_prix,ANT,MEDIUM 28 → HARD 25,MEDIUM→HARD,1,53,0,1,4367.401,4349.748,-17.653,-0.004041992022257687,34,0.02
2025,italian_grand_prix,BEA,MEDIUM 18 → HARD 35,MEDIUM→HARD,1,53,0,1,4381.699,4336.812,-44.887,-0.01024419979555828,43,0.0199
2025,italian_grand_prix,BOR,MEDIUM 20 → HARD 33,MEDIUM→HARD,1,53,0,1,4372.66,4366.613,-6.047,-0.001382911088444506,16,0.021
2025,italian_grand_prix,COL,MEDIUM 33 → HARD 19,MEDIUM→HARD,1,52,0,1,4317.451,4368.273,50.822,0.011771297462322335,51,0.0206
2025,italian_grand_prix,GAS,HARD 49 → SOFT 3,HARD→SOFT,1,52,0,1,4314.486,4299.895,-14.591,-0.003381862868485668,34,0.0207
2025,italian_grand_prix,HAD,HARD 32 → MEDIUM 21,HARD→MEDIUM,1,53,0,1,4373.338,4356.336,-17.002,-0.0038876482906195025,35,0.023
2025,italian_grand_prix,HAM,MEDIUM 38 → HARD 15,MEDIUM→HARD,1,53,0,1,4351.284,4357.963,6.679,0.0015349492241828336,34,0.0218
2025,italian_grand_prix,LAW,SOFT 9 → HARD 44,SOFT→HARD,1,53,0,1,4393.122,4369.617,-23.505,-0.0053504091167964835,11,0.0198
2025,italian_grand_prix,LEC,MEDIUM 33 → HARD 20,MEDIUM→HARD,1,53,0,1,4341.669,4347.165,5.496,0.0012658726402224386,26,0.0208
2025,italian_grand_prix,NOR,MEDIUM 46 → SOFT 7,MEDIUM→SOFT,1,53,0,1,4336.102,4313.08,-23.022,-0.005309376947313703,15,0.0204
2025,italian_grand_prix,OCO,HARD 51 → SOFT 1,HARD→SOFT,1,52,0,1,4313.276,4297.003,-16.273,-0.003772770395402295,34,0.0204
2025,italian_grand_prix,PIA,MEDIUM 45 → SOFT 8,MEDIUM→SOFT,1,53,0,1,4337.684,4320.001,-17.683,-0.004076599401892387,16,0.019
2025,italian_grand_prix,RUS,MEDIUM 27 → HARD 26,MEDIUM→HARD,1,53,0,1,4348.299,4334.308,-13.991,-0.0032175800238205972,52,0.0207
2025,italian_grand_prix,SAI,MEDIUM 30 → HARD 23,MEDIUM→HARD,1,53,0,1,4376.37,4430.443,54.073,0.012355673766158497,25,0.0241
2025,italian_grand_prix,STR,HARD 49 → SOFT 3,HARD→SOFT,1,52,0,1,4319.69,4298.816,-20.874,-0.004832291206081871,51,0.0246
2025,italian_grand_prix,TSU,MEDIUM 19 → HARD 34,MEDIUM→HARD,1,53,0,1,4393.748,4371.967,-21.781,-0.004957271104305469,44,0.0216
2025,italian_grand_prix,VER,MEDIUM 37 → HARD 16,MEDIUM→HARD,1,53,0,1,4317.166,4306.716,-10.45,-0.0024205694198460074,17,0.0193
2025,japanese_grand_prix,ALB,MEDIUM 24 → HARD 29,MEDIUM→HARD,1,53,0,1,4866.564,4828.493,-38.071,-0.007822973251763914,42,0.0219
2025,japanese_grand_prix,ALO,MEDIUM 24 → HARD 29,MEDIUM→HARD,1,53,0,1,4882.268,4866.369,-15.899,-0.0032564783416230802,26,0.0208
2025,japanese_grand_prix,ANT,MEDIUM 31 → HARD 22,MEDIUM→HARD,1,53,0,1,4846.689,4851.564,4.875,0.0010058413073335403,26,0.022
2025,japanese_grand_prix,BEA,MEDIUM 23 → HARD 30,MEDIUM→HARD,1,53,0,1,4880.237,4880.901,0.664,0.0001360589659888791,25,0.0208
2025,japanese_grand_prix,BOR,HARD 31 → MEDIUM 22,HARD→MEDIUM,1,53,0,1,4903.99,4911.086,7.096,0.0014469850060873446,17,0.0233
2025,japanese_grand_prix,DOO,SOFT 15 → HARD 38,SOFT→HARD,1,53,0,1,4902.995,4889.337,-13.658,-0.0027856442847694275,42,0.0227
2025,japanese_grand_prix,GAS,MEDIUM 24 → HARD 29,MEDIUM→HARD,1,53,0,1,4886.678,4832.683,-53.995,-0.011049428671174772,42,0.0218
2025,japanese_grand_prix,HAD,MEDIUM 25 → HARD 28,MEDIUM→HARD,1,53,0,1,4864.193,4836.819,-27.374,-0.005627654988196356,36,0.0215
2025,japanese_grand_prix,HAM,HARD 30 → MEDIUM 23,HARD→MEDIUM,1,53,0,1,4855.886,4882.624,26.738,0.005506307190901796,43,0.0225
2025,japanese_grand_prix,HUL,MEDIUM 22 → HARD 31,MEDIUM→HARD,1,53,0,1,4905.082,4931.118,26.036,0.005307964270526341,41,0.0232
2025,japanese_grand_prix,LAW,MEDIUM 33 → SOFT 20,MEDIUM→SOFT,1,53,0,1,4906.254,4895.702,-10.552,-0.0021507243611928128,10,0.0225
2025,japanese_grand_prix,LEC,MEDIUM 21 → HARD 32,MEDIUM→HARD,1,53,0,1,4845.709,4825.578,-20.131,-0.00415439722030401,30,0.0229
2025,japanese_grand_prix,NOR,MEDIUM 21 → HARD 32,MEDIUM→HARD,1,53,0,1,4832.645,4846.942,14.297,0.002958421320001691,26,0.0213
2025,japanese_grand_prix,OCO,HARD 32 → MEDIUM 21,HARD→MEDIUM,1,53,0,1,4905.658,4870.323,-35.335,-0.007202907336793377,41,0.0218
2025,japanese_grand_prix,PIA,MEDIUM 20 → HARD 33,MEDIUM→HARD,1,53,0,1,4832.63,4839.9,7.27,0.00150435684089211,27,0.0211
2025,japanese_grand_prix,RUS,MEDIUM 19 → HARD 34,MEDIUM→HARD,1,53,0,1,4846.36,4835.946,-10.414,-0.00214882922440736,42,0.0222
2025,japanese_grand_prix,SAI,MEDIUM 33 → SOFT 20,MEDIUM→SOFT,1,53,0,1,4896.906,4855.551,-41.355,-0.008445128413737076,37,0.0216
2025,japanese_grand_prix,STR,SOFT 9 → HARD 21 → MEDIUM 22,SOFT→HARD→MEDIUM,2,52,0,2,4833.809,4807.957,-25.852,-0.00534816332213353,46,0.0229
2025,japanese_grand_prix,TSU,MEDIUM 23 → HARD 30,MEDIUM→HARD,1,53,0,1,4882.522,4911.264,28.742,0.00588671182638831,25,0.0211
2025,japanese_grand_prix,VER,MEDIUM 21 → HARD 32,MEDIUM→HARD,1,53,0,1,4832.258,4850.288,18.03,0.0037311749496820442,18,0.0205
2025,mexico_city_grand_prix,ALB,HARD 41 → SOFT 29,HARD→SOFT,1,70,2,1,5593.852,5605.864,12.012,0.0021473574917600584,40,0.0199
2025,mexico_city_grand_prix,ANT,SOFT 22 → MEDIUM 25 → SOFT 24,SOFT→MEDIUM→SOFT,2,71,2,2,5647.447,5605.147,-42.3,-0.007490110132950214,57,0.0188
2025,mexico_city_grand_prix,BEA,SOFT 24 → MEDIUM 24 → SOFT 23,SOFT→MEDIUM→SOFT,2,71,2,2,5641.136,5607.536,-33.6,-0.005956247110510816,63,0.019
2025,mexico_city_grand_prix,BOR,MEDIUM 37 → SOFT 34,MEDIUM→SOFT,1,71,2,1,5671.845,5619.209,-52.636,-0.009280225394029703,40,0.0181
2025,mexico_city_grand_prix,COL,HARD 48 → SOFT 22,HARD→SOFT,1,70,2,1,5631.857,5636.737,4.88,0.0008664992736855748,46,0.0204
2025,mexico_city_grand_prix,GAS,MEDIUM 33 → SOFT 37,MEDIUM→SOFT,1,70,2,1,5635.529,5602.769,-32.76,-0.005813118874909403,44,0.0191
2025,mexico_city_grand_prix,HAD,MEDIUM 34 → SOFT 36,MEDIUM→SOFT,1,70,2,1,5600.009,5567.657,-32.352,-0.0057771335724635525,40,0.0184
2025,mexico_city_grand_prix,HAM,SOFT 23 → MEDIUM 24 → SOFT 24,SOFT→MEDIUM→SOFT,2,71,2,2,5656.429,5648.209,-8.22,-0.001453213679514581,32,0.0176
2025,mexico_city_grand_prix,LEC,SOFT 31 → MEDIUM 40,SOFT→MEDIUM,1,71,2,1,5630.541,5635.506,4.965,0.0008817980368138951,63,0.0199
2025,mexico_city_grand_prix,NOR,SOFT 34 → MEDIUM 37,SOFT→MEDIUM,1,71,2,1,5601.635,5571.347,-30.288,-0.005406992779786375,13,0.0174
2025,mexico_city_grand_prix,OCO,SOFT 27 → MEDIUM 44,SOFT→MEDIUM,1,71,2,1,5671.285,5663.639,-7.646,-0.0013481953384456968,32,0.0188
2025,mexico_city_grand_prix,PIA,SOFT 24 → MEDIUM 23 → SOFT 24,SOFT→MEDIUM→SOFT,2,71,2,2,5640.609,5573.632,-66.977,-0.011874072462743076,50,0.0177
2025,mexico_city_grand_prix,RUS,SOFT 25 → MEDIUM 23 → SOFT 23,SOFT→MEDIUM→SOFT,2,71,2,2,5650.24,5634.197,-16.043,-0.0028393484170583312,40,0.0195
2025,mexico_city_grand_prix,STR,SOFT 26 → MEDIUM 17 → SOFT 27,SOFT→MEDIUM→SOFT,2,70,2,2,5596.592,5560.509,-36.083,-0.006447316509761914,39,0.0178
2025,mexico_city_grand_prix,TSU,MEDIUM 36 → SOFT 35,MEDIUM→SOFT,1,71,2,1,5675.824,5681.088,5.264,0.0009274424295050116,38,0.0177
2025,mexico_city_grand_prix,VER,MEDIUM 37 → SOFT 34,MEDIUM→SOFT,1,71,2,1,5629.74,5607.549,-22.191,-0.003941745089471399,40,0.0181
2025,qatar_grand_prix,ALB,HARD 7 → MEDIUM 25 → MEDIUM 25,HARD→MEDIUM→MEDIUM,2,57,4,1,4531.724,4468.772,-62.952,-0.013891402035958306,53,0.0262
2025,qatar_grand_prix,ALO,MEDIUM 7 → MEDIUM 25 → HARD 25,MEDIUM→MEDIUM→HARD,2,57,4,1,4517.187,4476.384,-40.803,-0.009032833929611682,31,0.0255
2025,qatar_grand_prix,ANT,MEDIUM 7 → MEDIUM 25 → HARD 25,MEDIUM→MEDIUM→HARD,2,57,4,1,4490.213,4450.628,-39.585,-0.008815840139432148,38,0.0253
2025,qatar_grand_prix,BOR,MEDIUM 7 → MEDIUM 25 → SOFT 25,MEDIUM→MEDIUM→SOFT,2,57,4,1,4549.582,4528.035,-21.547,-0.004736039486704399,42,0.0259
2025,qatar_grand_prix,COL,HARD 7 → MEDIUM 25 → MEDIUM 24,HARD→MEDIUM→MEDIUM,2,56,4,1,4467.972,4443.317,-24.655,-0.0055181634978911575,48,0.0273
2025,qatar_grand_prix,GAS,MEDIUM 7 → HARD 25 → MEDIUM 24,MEDIUM→HARD→MEDIUM,2,56,4,1,4465.81,4426.096,-39.714,-0.008892899608357912,44,0.0266
2025,qatar_grand_prix,HAM,SOFT 7 → MEDIUM 25 → MEDIUM 25,SOFT→MEDIUM→MEDIUM,2,57,4,1,4541.74,4510.961,-30.779,-0.006776918097469951,49,0.0286
2025,qatar_grand_prix,LAW,MEDIUM 7 → MEDIUM 25 → HARD 25,MEDIUM→MEDIUM→HARD,2,57,4,1,4524.484,4443.958,-80.526,-0.01779783064764931,53,0.0248
2025,qatar_grand_prix,LEC,MEDIUM 7 → MEDIUM 25 → HARD 25,MEDIUM→MEDIUM→HARD,2,57,4,1,4521.668,4493.645,-28.023,-0.006197491722081352,35,0.0262
2025,qatar_grand_prix,NOR,MEDIUM 25 → MEDIUM 19 → HARD 13,MEDIUM→MEDIUM→HARD,2,57,4,2,4485.734,4465.977,-19.757,-0.004404407394642775,19,0.0281
2025,qatar_grand_prix,PIA,MEDIUM 24 → MEDIUM 18 → HARD 15,MEDIUM→MEDIUM→HARD,2,57,4,2,4469.221,4456.48,-12.741,-0.002850832393385779,17,0.0255
2025,qatar_grand_prix,RUS,MEDIUM 7 → MEDIUM 25 → HARD 25,MEDIUM→MEDIUM→HARD,2,57,4,1,4510.981,4526.97,15.989,0.0035444618365715968,23,0.0314
2025,qatar_grand_prix,SAI,MEDIUM 7 → MEDIUM 25 → HARD 25,MEDIUM→MEDIUM→HARD,2,57,4,1,4486.167,4487.103,0.936,0.00020864136355108387,31,0.0263
2025,qatar_grand_prix,TSU,MEDIUM 7 → MEDIUM 25 → HARD 25,MEDIUM→MEDIUM→HARD,2,57,4,1,4526.416,4530.72,4.304,0.000950862669273016,31,0.0272
2025,qatar_grand_prix,VER,MEDIUM 7 → MEDIUM 25 → HARD 25,MEDIUM→MEDIUM→HARD,2,57,4,1,4461.256,4453.489,-7.767,-0.0017409895329926672,27,0.0263
2025,singapore_grand_prix,ALB,MEDIUM 42 → SOFT 19,MEDIUM→SOFT,1,61,0,1,5930.927,5899.981,-30.946,-0.00521773409114643,33,0.0255
2025,singapore_grand_prix,ALO,SOFT 27 → MEDIUM 35,SOFT→MEDIUM,1,62,0,1,5992.865,5950.744,-42.121,-0.007028524754020458,22,0.0238
2025,singapore_grand_prix,ANT,MEDIUM 25 → HARD 37,MEDIUM→HARD,1,62,0,1,5948.186,5888.875,-59.311,-0.009971275276193093,22,0.025
2025,singapore_grand_prix,BEA,MEDIUM 23 → HARD 39,MEDIUM→HARD,1,62,0,1,6005.25,5957.234,-48.016,-0.007995670455018615,58,0.0273
2025,singapore_grand_prix,BOR,MEDIUM 13 → HARD 48,MEDIUM→HARD,1,61,0,1,5955.063,5851.016,-104.047,-0.017472023385814512,21,0.0249
2025,singapore_grand_prix,COL,SOFT 14 → MEDIUM 47,SOFT→MEDIUM,1,61,0,1,5952.83,5901.656,-51.174,-0.00859658347374289,33,0.0252
2025,singapore_grand_prix,GAS,MEDIUM 24 → HARD 27 → SOFT 10,MEDIUM→HARD→SOFT,2,61,0,2,5953.487,5902.74,-50.747,-0.008523912120745117,18,0.024
2025,singapore_grand_prix,HAD,SOFT 20 → HARD 41,SOFT→HARD,1,61,0,1,5930.285,5896.451,-33.834,-0.005705290723801151,33,0.0235
2025,singapore_grand_prix,HAM,MEDIUM 24 → HARD 22 → SOFT 16,MEDIUM→HARD→SOFT,2,62,0,2,5994.015,5902.434,-91.581,-0.015278740543692507,41,0.0264
2025,singapore_grand_prix,HUL,MEDIUM 25 → HARD 19 → SOFT 17,MEDIUM→HARD→SOFT,2,61,0,2,5959.934,5851.152,-108.782,-0.01825221554466881,50,0.0271
2025,singapore_grand_prix,LAW,MEDIUM 48 → SOFT 13,MEDIUM→SOFT,1,61,0,1,5937.571,5934.58,-2.991,-0.0005037413447344628,37,0.0254
2025,singapore_grand_prix,LEC,MEDIUM 21 → HARD 41,MEDIUM→HARD,1,62,0,1,5960.799,5932.399,-28.4,-0.004764461945454048,31,0.0238
2025,singapore_grand_prix,NOR,MEDIUM 26 → HARD 36,MEDIUM→HARD,1,62,0,1,5922.867,5872.201,-50.666,-0.008554303177835726,21,0.0248
2025,singapore_grand_prix,OCO,MEDIUM 30 → HARD 31,MEDIUM→HARD,1,61,0,1,5954.037,5892.393,-61.644,-0.010353311543076229,16,0.0244
2025,singapore_grand_prix,PIA,MEDIUM 27 → HARD 35,MEDIUM→HARD,1,62,0,1,5923.531,5882.08,-41.451,-0.006997684320382866,25,0.0249
2025,singapore_grand_prix,RUS,MEDIUM 25 → HARD 37,MEDIUM→HARD,1,62,0,1,5918.462,5875.842,-42.62,-0.007201195175367717,14,0.0239
2025,singapore_grand_prix,SAI,MEDIUM 50 → SOFT 11,MEDIUM→SOFT,1,61,0,1,5917.049,5887.347,-29.702,-0.005019731964362527,40,0.0257
2025,singapore_grand_prix,STR,SOFT 38 → MEDIUM 23,SOFT→MEDIUM,1,61,0,1,5933.035,5871.085,-61.95,-0.010441536245783117,15,0.0215
2025,singapore_grand_prix,TSU,SOFT 13 → HARD 48,SOFT→HARD,1,61,0,1,5926.469,5855.057,-71.412,-0.012049670722989179,15,0.0205
2025,singapore_grand_prix,VER,SOFT 19 → HARD 43,SOFT→HARD,1,62,0,1,5922.91,5895.806,-27.104,-0.004576128963633861,39,0.026
2025,spanish_grand_prix,ALO,SOFT 15 → MEDIUM 27 → SOFT 12 → SOFT 12,SOFT→MEDIUM→SOFT→SOFT,3,66,7,2,4771.631,4767.847,-3.784,-0.0007930202482127496,38,0.0307
2025,spanish_grand_prix,BEA,SOFT 8 → MEDIUM 27 → MEDIUM 19 → SOFT 12,SOFT→MEDIUM→MEDIUM→SOFT,3,66,7,2,4776.775,4774.66,-2.115,-0.0004427673482631653,21,0.029
2025,spanish_grand_prix,BOR,SOFT 19 → MEDIUM 30 → SOFT 17,SOFT→MEDIUM→SOFT,2,66,7,2,4786.43,4771.911,-14.519,-0.003033367248659089,35,0.0306
2025,spanish_grand_prix,COL,SOFT 14 → MEDIUM 25 → SOFT 15 → SOFT 12,SOFT→MEDIUM→SOFT→SOFT,3,66,7,2,4806.462,4797.464,-8.998,-0.0018720630684273783,44,0.0314
2025,spanish_grand_prix,GAS,SOFT 10 → SOFT 21 → MEDIUM 24 → SOFT 11,SOFT→SOFT→MEDIUM→SOFT,3,66,7,2,4768.038,4742.746,-25.292,-0.0053044879256414195,12,0.0282
2025,spanish_grand_prix,HAD,SOFT 19 → MEDIUM 29 → SOFT 7 → SOFT 11,SOFT→MEDIUM→SOFT→SOFT,3,66,7,2,4744.758,4742.531,-2.227,-0.00046936008116782343,28,0.0297
2025,spanish_grand_prix,HAM,SOFT 16 → MEDIUM 30 → SOFT 9 → SOFT 11,SOFT→MEDIUM→SOFT→SOFT,3,66,6,2,4794.446,4781.48,-12.966,-0.002704379192090254,25,0.0298
2025,spanish_grand_prix,HUL,SOFT 9 → MEDIUM 36 → SOFT 11 → SOFT 10,SOFT→MEDIUM→SOFT→SOFT,3,66,7,2,4755.929,4743.62,-12.309,-0.0025881378801065934,37,0.0311
2025,spanish_grand_prix,LAW,SOFT 18 → MEDIUM 26 → SOFT 22,SOFT→MEDIUM→SOFT,2,66,7,2,4774.342,4748.627,-25.715,-0.0053860825219477475,38,0.0308
2025,spanish_grand_prix,LEC,SOFT 17 → MEDIUM 23 → MEDIUM 15 → SOFT 11,SOFT→MEDIUM→MEDIUM→SOFT,3,66,6,2,4776.979,4813.368,36.389,0.007617575877976654,54,0.0329
2025,spanish_grand_prix,NOR,SOFT 21 → MEDIUM 27 → SOFT 7 → SOFT 11,SOFT→MEDIUM→SOFT→SOFT,3,66,6,2,4753.074,4764.856,11.782,0.0024788168667267017,27,0.0299
2025,spanish_grand_prix,OCO,SOFT 20 → MEDIUM 23 → MEDIUM 23,SOFT→MEDIUM→MEDIUM,2,66,7,2,4786.38,4741.408,-44.972,-0.009395827326706145,28,0.0299
2025,spanish_grand_prix,PIA,SOFT 22 → MEDIUM 27 → SOFT 6 → SOFT 11,SOFT→MEDIUM→SOFT→SOFT,3,66,6,2,4749.491,4774.272,24.781,0.005217611739868152,24,0.0282
2025,spanish_grand_prix,RUS,SOFT 20 → MEDIUM 21 → SOFT 14 → SOFT 11,SOFT→MEDIUM→SOFT→SOFT,3,66,6,2,4781.085,4786.352,5.267,0.0011016327883736944,47,0.0319
2025,spanish_grand_prix,SAI,SOFT 9 → SOFT 25 → MEDIUM 21 → SOFT 11,SOFT→SOFT→MEDIUM→SOFT,3,66,7,2,4779.324,4730.326,-48.998,-0.010252077490456722,16,0.0289
2025,spanish_grand_prix,TSU,MEDIUM 8 → SOFT 16 → SOFT 20 → SOFT 10 → SOFT 12,MEDIUM→SOFT→SOFT→SOFT→SOFT,4,66,7,3,4777.692,4756.639,-21.053,-0.004406520972887571,16,0.0289
2025,spanish_grand_prix,VER,SOFT 13 → SOFT 16 → MEDIUM 18 → SOFT 8 → HARD 11,SOFT→SOFT→MEDIUM→SOFT→HARD,4,66,6,3,4765.197,4752.061,-13.136,-0.002756654132033015,24,0.03
2025,united_states_grand_prix,ALB,HARD 7 → MEDIUM 29 → SOFT 20,HARD→MEDIUM→SOFT,2,56,2,1,5332.759,5312.777,-19.982,-0.0037470285081321222,27,0.029
2025,united_states_grand_prix,ALO,MEDIUM 30 → SOFT 26,MEDIUM→SOFT,1,56,2,1,5341.935,5344.439,2.504,0.00046874400381167585,42,0.0292
2025,united_states_grand_prix,ANT,MEDIUM 31 → SOFT 25,MEDIUM→SOFT,1,56,2,1,5350.873,5327.374,-23.499,-0.0043916198347455325,48,0.0302
2025,united_states_grand_prix,BEA,MEDIUM 30 → SOFT 26,MEDIUM→SOFT,1,56,2,1,5339.687,5324.258,-15.429,-0.0028894952082397507,45,0.0302
2025,united_states_grand_prix,BOR,SOFT 14 → MEDIUM 22 → SOFT 19,SOFT→MEDIUM→SOFT,2,55,2,2,5274.218,5265.139,-9.079,-0.0017213926310969349,25,0.0295
2025,united_states_grand_prix,COL,MEDIUM 32 → SOFT 23,MEDIUM→SOFT,1,55,2,1,5272.389,5272.969,0.58,0.00011000705752172827,41,0.0288
2025,united_states_grand_prix,GAS,MEDIUM 27 → SOFT 28,MEDIUM→SOFT,1,55,2,1,5277.498,5290.431,12.933,0.0024505930651232484,45,0.0306
2025,united_states_grand_prix,HAD,HARD 28 → SOFT 28,HARD→SOFT,1,56,2,1,5361.282,5361.947,0.665,0.00012403749700181282,32,0.0279
2025,united_states_grand_prix,HAM,MEDIUM 31 → SOFT 25,MEDIUM→SOFT,1,56,3,1,5205.147,5205.283,0.136,2.612798447356107e-05,41,0.0291
2025,united_states_grand_prix,HUL,MEDIUM 33 → SOFT 23,MEDIUM→SOFT,1,56,2,1,5329.265,5355.482,26.217,0.004919440110409154,42,0.0286
2025,united_states_grand_prix,LAW,MEDIUM 30 → SOFT 26,MEDIUM→SOFT,1,56,2,1,5344.884,5352.773,7.889,0.0014759908727669864,27,0.0296
2025,united_states_grand_prix,LEC,SOFT 22 → MEDIUM 34,SOFT→MEDIUM,1,56,3,1,5194.127,5191.4,-2.727,-0.0005250160421566421,25,0.0274
2025,united_states_grand_prix,NOR,MEDIUM 32 → SOFT 24,MEDIUM→SOFT,1,56,3,1,5185.535,5160.444,-25.091,-0.004838652135218166,34,0.0259
2025,united_states_grand_prix,OCO,HARD 24 → MEDIUM 32,HARD→MEDIUM,1,56,2,1,5353.56,5333.808,-19.752,-0.003689507542644428,27,0.0283
2025,united_states_grand_prix,PIA,MEDIUM 30 → SOFT 26,MEDIUM→SOFT,1,56,3,1,5205.175,5202.508,-2.667,-0.0005123747040211134,39,0.0285
2025,united_states_grand_prix,RUS,MEDIUM 33 → SOFT 23,MEDIUM→SOFT,1,56,2,1,5309.649,5312.428,2.779,0.0005233867624770569,51,0.0306
2025,united_states_grand_prix,STR,SOFT 28 → MEDIUM 28,SOFT→MEDIUM,1,56,2,1,5344.662,5369.06,24.398,0.004564928521204923,26,0.0285
2025,united_states_grand_prix,TSU,MEDIUM 29 → SOFT 27,MEDIUM→SOFT,1,56,2,1,5326.383,5338.957,12.574,0.0023607014366036827,48,0.0297
2025,united_states_grand_prix,VER,MEDIUM 33 → SOFT 23,MEDIUM→SOFT,1,56,3,1,5180.034,5196.554,16.52,0.003189168256424305,37,0.0274
